#
# There is insufficient memory for the Java Runtime Environment to continue.
# Native memory allocation (mmap) failed to map 565182464 bytes. Error detail: G1 virtual space
# Possible reasons:
#   The system is out of physical RAM or swap space
#   This process is running with CompressedOops enabled, and the Java Heap may be blocking the growth of the native heap
# Possible solutions:
#   Reduce memory load on the system
#   Increase physical memory or swap space
#   Check if swap backing store is full
#   Decrease Java heap size (-Xmx/-Xms)
#   Decrease number of Java threads
#   Decrease Java thread stack sizes (-Xss)
#   Set larger code cache with -XX:ReservedCodeCacheSize=
#   JVM is running with Unscaled Compressed Oops mode in which the Java heap is
#     placed in the first 4GB address space. The Java Heap base address is the
#     maximum limit for the native heap growth. Please use -XX:HeapBaseMinAddress
#     to set the Java Heap base and to place the Java Heap above 4GB virtual address.
# This output file may be truncated or incomplete.
#
#  Out of Memory Error (os_windows.cpp:3710), pid=7440, tid=15680
#
# JRE version: OpenJDK Runtime Environment Microsoft-11926163 (17.0.16+8) (build 17.0.16+8-LTS)
# Java VM: OpenJDK 64-Bit Server VM Microsoft-11926163 (17.0.16+8-LTS, mixed mode, sharing, tiered, compressed oops, compressed class ptrs, g1 gc, windows-amd64)
# No core dump will be written. Minidumps are not enabled by default on client versions of Windows
#

---------------  S U M M A R Y ------------

Command Line: --add-opens=java.base/java.lang=ALL-UNNAMED --add-opens=java.base/java.lang.invoke=ALL-UNNAMED --add-opens=java.base/java.util=ALL-UNNAMED --add-opens=java.prefs/java.util.prefs=ALL-UNNAMED --add-exports=jdk.compiler/com.sun.tools.javac.api=ALL-UNNAMED --add-exports=jdk.compiler/com.sun.tools.javac.util=ALL-UNNAMED --add-opens=java.base/java.util=ALL-UNNAMED --add-opens=java.prefs/java.util.prefs=ALL-UNNAMED --add-opens=java.base/java.nio.charset=ALL-UNNAMED --add-opens=java.base/java.net=ALL-UNNAMED --add-opens=java.base/java.util.concurrent=ALL-UNNAMED --add-opens=java.base/java.util.concurrent.atomic=ALL-UNNAMED --add-opens=java.xml/javax.xml.namespace=ALL-UNNAMED -XX:MaxMetaspaceSize=512m -Xmx2048m -Dfile.encoding=windows-1252 -Duser.country=US -Duser.language=en -Duser.variant -javaagent:C:\Users\User13\.gradle\wrapper\dists\gradle-9.0.0-bin\d6wjpkvcgsg3oed0qlfss3wgl\gradle-9.0.0\lib\agents\gradle-instrumentation-agent-9.0.0.jar org.gradle.launcher.daemon.bootstrap.GradleDaemon 9.0.0

Host: AMD Ryzen 3 3250U with Radeon Graphics         , 4 cores, 9G,  Windows 11 , 64 bit Build 26100 (10.0.26100.7019)
Time: Mon Dec  1 10:49:49 2025 India Standard Time elapsed time: 1657.379650 seconds (0d 0h 27m 37s)

---------------  T H R E A D  ---------------

Current thread (0x00000233623c9ef0):  VMThread "VM Thread" [stack: 0x000000c66f100000,0x000000c66f200000] [id=15680]

Stack: [0x000000c66f100000,0x000000c66f200000]
Native frames: (J=compiled Java code, j=interpreted, Vv=VM code, C=native code)
V  [jvm.dll+0x68ee19]
V  [jvm.dll+0x846249]
V  [jvm.dll+0x847fb8]
V  [jvm.dll+0x848643]
V  [jvm.dll+0x24cf6f]
V  [jvm.dll+0x68bde9]
V  [jvm.dll+0x6803aa]
V  [jvm.dll+0x30ffc0]
V  [jvm.dll+0x30fe62]
V  [jvm.dll+0x3173b9]
V  [jvm.dll+0x3695e9]
V  [jvm.dll+0x36981d]
V  [jvm.dll+0x2e683a]
V  [jvm.dll+0x2e4c31]
V  [jvm.dll+0x2e43cc]
V  [jvm.dll+0x328ceb]
V  [jvm.dll+0x84cecd]
V  [jvm.dll+0x84dbe3]
V  [jvm.dll+0x84e114]
V  [jvm.dll+0x84e4f8]
V  [jvm.dll+0x84e5ee]
V  [jvm.dll+0x7f5e9c]
V  [jvm.dll+0x68dd27]
C  [ucrtbase.dll+0x37b0]
C  [KERNEL32.DLL+0x2e8d7]
C  [ntdll.dll+0x8c53c]

VM_Operation (0x000000c672afbc40): G1CollectForAllocation, mode: safepoint, requested by thread 0x000002331115b8e0


---------------  P R O C E S S  ---------------

Threads class SMR info:
_java_thread_list=0x00000233059d7bc0, length=96, elements={
0x000002334499d830, 0x00000233623ce5e0, 0x00000233623cf730, 0x00000233623eccd0,
0x00000233623ef1c0, 0x00000233623f0210, 0x00000233623f5280, 0x00000233623fae60,
0x00000233626486a0, 0x0000023362652970, 0x00000233626542c0, 0x00000233626551f0,
0x0000023362655700, 0x0000023362656120, 0x0000023362653db0, 0x000002337f76d8e0,
0x000002337f76c9b0, 0x000002337f76cec0, 0x000002337f76e810, 0x000002337f76ba80,
0x000002337f76ed20, 0x000002337f770160, 0x000002330639d3b0, 0x000002337e204620,
0x00000233074f7a80, 0x00000233074f93d0, 0x000002337e2cfd90, 0x0000023307fbb2a0,
0x0000023307fba880, 0x000002330e3279f0, 0x000002330f999c70, 0x000002330f997900,
0x000002330f998d40, 0x000002330f99a180, 0x000002330f997e10, 0x000002330f998830,
0x0000023307fbc1d0, 0x000002330f99aba0, 0x00000233078a6570, 0x00000233078a88e0,
0x00000233078a83d0, 0x000002330d9d5350, 0x000002330e326ac0, 0x000002330e3265b0,
0x000002330e326fd0, 0x000002330e325b90, 0x000002330e3260a0, 0x000002330e3274e0,
0x000002330e324750, 0x00000233078a79b0, 0x000002337f76e300, 0x000002337f76bf90,
0x000002330e324c60, 0x000002337f76d3d0, 0x000002337f76ddf0, 0x000002337f76b060,
0x000002331115a9b0, 0x000002331115b3d0, 0x000002331115b8e0, 0x000002331115bdf0,
0x000002331115aec0, 0x00000233084c7390, 0x00000233084c6460, 0x00000233084c87d0,
0x000002337f76b570, 0x000002337f771ab0, 0x000002337f770b80, 0x00000233078a6f90,
0x00000233084c6970, 0x00000233084c5f50, 0x00000233084c6e80, 0x00000233084c82c0,
0x00000233084c5020, 0x00000233084c5a40, 0x0000023307fbb7b0, 0x000002330dff7960,
0x00000233084c78a0, 0x00000233084c7db0, 0x00000233084c5530, 0x000002330f21a3d0,
0x000002330f218060, 0x000002330f218f90, 0x000002330f21adf0, 0x000002330f2194a0,
0x000002330f218a80, 0x000002330f2199b0, 0x000002330f219ec0, 0x000002330f21a8e0,
0x0000023310898ec0, 0x00000233108998e0, 0x000002331089a300, 0x00000233078a74a0,
0x00000233078a9810, 0x00000233078a7ec0, 0x000002330f21b300, 0x000002330f21b810
}

Java Threads: ( => current thread )
  0x000002334499d830 JavaThread "main" [_thread_blocked, id=16892, stack(0x000000c66eb00000,0x000000c66ec00000)]
  0x00000233623ce5e0 JavaThread "Reference Handler" daemon [_thread_blocked, id=12196, stack(0x000000c66f200000,0x000000c66f300000)]
  0x00000233623cf730 JavaThread "Finalizer" daemon [_thread_blocked, id=14308, stack(0x000000c66f300000,0x000000c66f400000)]
  0x00000233623eccd0 JavaThread "Signal Dispatcher" daemon [_thread_blocked, id=4232, stack(0x000000c66f400000,0x000000c66f500000)]
  0x00000233623ef1c0 JavaThread "Attach Listener" daemon [_thread_blocked, id=2360, stack(0x000000c66f500000,0x000000c66f600000)]
  0x00000233623f0210 JavaThread "Service Thread" daemon [_thread_blocked, id=17480, stack(0x000000c66f600000,0x000000c66f700000)]
  0x00000233623f5280 JavaThread "Monitor Deflation Thread" daemon [_thread_blocked, id=1992, stack(0x000000c66f700000,0x000000c66f800000)]
  0x00000233623fae60 JavaThread "C2 CompilerThread0" daemon [_thread_blocked, id=16452, stack(0x000000c66f800000,0x000000c66f900000)]
  0x00000233626486a0 JavaThread "C1 CompilerThread0" daemon [_thread_blocked, id=7192, stack(0x000000c66f900000,0x000000c66fa00000)]
  0x0000023362652970 JavaThread "Sweeper thread" daemon [_thread_blocked, id=13300, stack(0x000000c66fa00000,0x000000c66fb00000)]
  0x00000233626542c0 JavaThread "Common-Cleaner" daemon [_thread_blocked, id=5048, stack(0x000000c66fb00000,0x000000c66fc00000)]
  0x00000233626551f0 JavaThread "Notification Thread" daemon [_thread_blocked, id=15084, stack(0x000000c66fc00000,0x000000c66fd00000)]
  0x0000023362655700 JavaThread "Daemon health stats" [_thread_blocked, id=2944, stack(0x000000c670000000,0x000000c670100000)]
  0x0000023362656120 JavaThread "Incoming local TCP Connector on port 57062" [_thread_in_native, id=2320, stack(0x000000c670300000,0x000000c670400000)]
  0x0000023362653db0 JavaThread "Daemon periodic checks" [_thread_blocked, id=16024, stack(0x000000c670400000,0x000000c670500000)]
  0x000002337f76d8e0 JavaThread "Cache worker for journal cache (C:\Users\User13\.gradle\caches\journal-1)" [_thread_blocked, id=8744, stack(0x000000c670c00000,0x000000c670d00000)]
  0x000002337f76c9b0 JavaThread "File lock request listener" [_thread_in_native, id=16088, stack(0x000000c670d00000,0x000000c670e00000)]
  0x000002337f76cec0 JavaThread "Cache worker for file hash cache (C:\Users\User13\.gradle\caches\9.0.0\fileHashes)" [_thread_blocked, id=17028, stack(0x000000c670e00000,0x000000c670f00000)]
  0x000002337f76e810 JavaThread "File watcher server" daemon [_thread_blocked, id=5176, stack(0x000000c671200000,0x000000c671300000)]
  0x000002337f76ba80 JavaThread "File watcher consumer" daemon [_thread_blocked, id=14380, stack(0x000000c671300000,0x000000c671400000)]
  0x000002337f76ed20 JavaThread "Cache worker for file content cache (C:\Users\User13\.gradle\caches\9.0.0\fileContent)" [_thread_blocked, id=2524, stack(0x000000c670f00000,0x000000c671000000)]
  0x000002337f770160 JavaThread "jar transforms" [_thread_blocked, id=17992, stack(0x000000c671900000,0x000000c671a00000)]
  0x000002330639d3b0 JavaThread "Memory manager" [_thread_blocked, id=10860, stack(0x000000c672300000,0x000000c672400000)]
  0x000002337e204620 JavaThread "jar transforms Thread 2" [_thread_blocked, id=16468, stack(0x000000c674d00000,0x000000c674e00000)]
  0x00000233074f7a80 JavaThread "jar transforms Thread 3" [_thread_blocked, id=13256, stack(0x000000c674e00000,0x000000c674f00000)]
  0x00000233074f93d0 JavaThread "jar transforms Thread 4" [_thread_blocked, id=11004, stack(0x000000c675200000,0x000000c675300000)]
  0x000002337e2cfd90 JavaThread "pool-3-thread-1" [_thread_blocked, id=8648, stack(0x000000c66e800000,0x000000c66e900000)]
  0x0000023307fbb2a0 JavaThread "pool-8-thread-1" [_thread_blocked, id=13732, stack(0x000000c675000000,0x000000c675100000)]
  0x0000023307fba880 JavaThread "Daemon Thread 3" [_thread_blocked, id=17772, stack(0x000000c66e900000,0x000000c66ea00000)]
  0x000002330e3279f0 JavaThread "Handler for socket connection from /127.0.0.1:57062 to /127.0.0.1:56248" [_thread_in_native, id=17452, stack(0x000000c66ea00000,0x000000c66eb00000)]
  0x000002330f999c70 JavaThread "Cancel handler" [_thread_blocked, id=5488, stack(0x000000c670500000,0x000000c670600000)]
  0x000002330f997900 JavaThread "Daemon worker Thread 3" [_thread_blocked, id=9460, stack(0x000000c670600000,0x000000c670700000)]
  0x000002330f998d40 JavaThread "Asynchronous log dispatcher for DefaultDaemonConnection: socket connection from /127.0.0.1:57062 to /127.0.0.1:56248" [_thread_blocked, id=8928, stack(0x000000c670700000,0x000000c670800000)]
  0x000002330f99a180 JavaThread "Stdin handler" [_thread_blocked, id=4628, stack(0x000000c670800000,0x000000c670900000)]
  0x000002330f997e10 JavaThread "Daemon client event forwarder" [_thread_blocked, id=13864, stack(0x000000c670900000,0x000000c670a00000)]
  0x000002330f998830 JavaThread "Cache worker for file hash cache (D:\deliverypatner-frontend\android\.gradle\9.0.0\fileHashes)" [_thread_blocked, id=10812, stack(0x000000c670a00000,0x000000c670b00000)]
  0x0000023307fbc1d0 JavaThread "Cache worker for Build Output Cleanup Cache (D:\deliverypatner-frontend\android\.gradle\buildOutputCleanup)" [_thread_blocked, id=10392, stack(0x000000c670b00000,0x000000c670c00000)]
  0x000002330f99aba0 JavaThread "Cache worker for checksums cache (D:\deliverypatner-frontend\android\.gradle\9.0.0\checksums)" [_thread_blocked, id=17548, stack(0x000000c671000000,0x000000c671100000)]
  0x00000233078a6570 JavaThread "Cache worker for cache directory md-supplier (C:\Users\User13\.gradle\caches\9.0.0\md-supplier)" [_thread_blocked, id=15484, stack(0x000000c671100000,0x000000c671200000)]
  0x00000233078a88e0 JavaThread "Cache worker for cache directory md-rule (C:\Users\User13\.gradle\caches\9.0.0\md-rule)" [_thread_blocked, id=5556, stack(0x000000c671400000,0x000000c671500000)]
  0x00000233078a83d0 JavaThread "Cache worker for Build Output Cleanup Cache (D:\deliverypatner-frontend\node_modules\@react-native\gradle-plugin\.gradle\buildOutputCleanup)" [_thread_blocked, id=1160, stack(0x000000c671600000,0x000000c671700000)]
  0x000002330d9d5350 JavaThread "C2 CompilerThread1" daemon [_thread_blocked, id=18184, stack(0x000000c671700000,0x000000c671800000)]
  0x000002330e326ac0 JavaThread "Unconstrained build operations" [_thread_blocked, id=7276, stack(0x000000c671800000,0x000000c671900000)]
  0x000002330e3265b0 JavaThread "Unconstrained build operations Thread 2" [_thread_blocked, id=2232, stack(0x000000c671a00000,0x000000c671b00000)]
  0x000002330e326fd0 JavaThread "Unconstrained build operations Thread 3" [_thread_blocked, id=18160, stack(0x000000c671b00000,0x000000c671c00000)]
  0x000002330e325b90 JavaThread "Unconstrained build operations Thread 4" [_thread_blocked, id=16272, stack(0x000000c671c00000,0x000000c671d00000)]
  0x000002330e3260a0 JavaThread "Unconstrained build operations Thread 5" [_thread_blocked, id=5448, stack(0x000000c671d00000,0x000000c671e00000)]
  0x000002330e3274e0 JavaThread "Unconstrained build operations Thread 6" [_thread_blocked, id=17828, stack(0x000000c671e00000,0x000000c671f00000)]
  0x000002330e324750 JavaThread "Unconstrained build operations Thread 7" [_thread_blocked, id=5200, stack(0x000000c671f00000,0x000000c672000000)]
  0x00000233078a79b0 JavaThread "Unconstrained build operations Thread 8" [_thread_blocked, id=10076, stack(0x000000c672000000,0x000000c672100000)]
  0x000002337f76e300 JavaThread "Unconstrained build operations Thread 9" [_thread_blocked, id=14248, stack(0x000000c672100000,0x000000c672200000)]
  0x000002337f76bf90 JavaThread "Unconstrained build operations Thread 10" [_thread_blocked, id=18348, stack(0x000000c672200000,0x000000c672300000)]
  0x000002330e324c60 JavaThread "build event listener" [_thread_blocked, id=17204, stack(0x000000c672400000,0x000000c672500000)]
  0x000002337f76d3d0 JavaThread "ForkJoinPool.commonPool-worker-7" daemon [_thread_blocked, id=2696, stack(0x000000c672500000,0x000000c672600000)]
  0x000002337f76ddf0 JavaThread "ForkJoinPool.commonPool-worker-8" daemon [_thread_blocked, id=6148, stack(0x000000c672600000,0x000000c672700000)]
  0x000002337f76b060 JavaThread "ForkJoinPool.commonPool-worker-9" daemon [_thread_blocked, id=17684, stack(0x000000c672700000,0x000000c672800000)]
  0x000002331115a9b0 JavaThread "included builds" [_thread_blocked, id=16672, stack(0x000000c672800000,0x000000c672900000)]
  0x000002331115b3d0 JavaThread "Execution worker" [_thread_blocked, id=6556, stack(0x000000c672900000,0x000000c672a00000)]
  0x000002331115b8e0 JavaThread "Execution worker Thread 2" [_thread_blocked, id=16768, stack(0x000000c672a00000,0x000000c672b00000)]
  0x000002331115bdf0 JavaThread "Execution worker Thread 3" [_thread_blocked, id=6280, stack(0x000000c672b00000,0x000000c672c00000)]
  0x000002331115aec0 JavaThread "Cache worker for execution history cache (D:\deliverypatner-frontend\node_modules\@react-native\gradle-plugin\.gradle\9.0.0\executionHistory)" [_thread_blocked, id=12292, stack(0x000000c672c00000,0x000000c672d00000)]
  0x00000233084c7390 JavaThread "Unconstrained build operations Thread 11" [_thread_blocked, id=15224, stack(0x000000c672d00000,0x000000c672e00000)]
  0x00000233084c6460 JavaThread "Unconstrained build operations Thread 12" [_thread_blocked, id=9516, stack(0x000000c672e00000,0x000000c672f00000)]
  0x00000233084c87d0 JavaThread "Unconstrained build operations Thread 13" [_thread_blocked, id=17516, stack(0x000000c672f00000,0x000000c673000000)]
  0x000002337f76b570 JavaThread "Unconstrained build operations Thread 14" [_thread_blocked, id=18300, stack(0x000000c673000000,0x000000c673100000)]
  0x000002337f771ab0 JavaThread "Unconstrained build operations Thread 15" [_thread_blocked, id=10668, stack(0x000000c673100000,0x000000c673200000)]
  0x000002337f770b80 JavaThread "Unconstrained build operations Thread 16" [_thread_blocked, id=12956, stack(0x000000c673200000,0x000000c673300000)]
  0x00000233078a6f90 JavaThread "Unconstrained build operations Thread 17" [_thread_blocked, id=10300, stack(0x000000c673300000,0x000000c673400000)]
  0x00000233084c6970 JavaThread "Unconstrained build operations Thread 18" [_thread_blocked, id=7148, stack(0x000000c673400000,0x000000c673500000)]
  0x00000233084c5f50 JavaThread "Unconstrained build operations Thread 19" [_thread_blocked, id=12544, stack(0x000000c673500000,0x000000c673600000)]
  0x00000233084c6e80 JavaThread "Unconstrained build operations Thread 20" [_thread_blocked, id=12864, stack(0x000000c673600000,0x000000c673700000)]
  0x00000233084c82c0 JavaThread "Unconstrained build operations Thread 21" [_thread_blocked, id=9628, stack(0x000000c673700000,0x000000c673800000)]
  0x00000233084c5020 JavaThread "Unconstrained build operations Thread 22" [_thread_blocked, id=7196, stack(0x000000c673800000,0x000000c673900000)]
  0x00000233084c5a40 JavaThread "Unconstrained build operations Thread 23" [_thread_blocked, id=17808, stack(0x000000c673900000,0x000000c673a00000)]
  0x0000023307fbb7b0 JavaThread "Unconstrained build operations Thread 24" [_thread_blocked, id=15208, stack(0x000000c673a00000,0x000000c673b00000)]
  0x000002330dff7960 JavaThread "Unconstrained build operations Thread 25" [_thread_blocked, id=468, stack(0x000000c673b00000,0x000000c673c00000)]
  0x00000233084c78a0 JavaThread "Unconstrained build operations Thread 26" [_thread_blocked, id=10996, stack(0x000000c673c00000,0x000000c673d00000)]
  0x00000233084c7db0 JavaThread "Unconstrained build operations Thread 27" [_thread_blocked, id=17700, stack(0x000000c673d00000,0x000000c673e00000)]
  0x00000233084c5530 JavaThread "Unconstrained build operations Thread 28" [_thread_blocked, id=5028, stack(0x000000c673e00000,0x000000c673f00000)]
  0x000002330f21a3d0 JavaThread "Unconstrained build operations Thread 29" [_thread_blocked, id=8232, stack(0x000000c673f00000,0x000000c674000000)]
  0x000002330f218060 JavaThread "Unconstrained build operations Thread 30" [_thread_blocked, id=13392, stack(0x000000c674000000,0x000000c674100000)]
  0x000002330f218f90 JavaThread "Unconstrained build operations Thread 31" [_thread_blocked, id=5796, stack(0x000000c674100000,0x000000c674200000)]
  0x000002330f21adf0 JavaThread "Unconstrained build operations Thread 32" [_thread_blocked, id=16744, stack(0x000000c674200000,0x000000c674300000)]
  0x000002330f2194a0 JavaThread "build event listener" [_thread_blocked, id=6028, stack(0x000000c674300000,0x000000c674400000)]
  0x000002330f218a80 JavaThread "Problems report writer" [_thread_blocked, id=17900, stack(0x000000c674400000,0x000000c674500000)]
  0x000002330f2199b0 JavaThread "Unconstrained build operations Thread 33" [_thread_blocked, id=13844, stack(0x000000c674500000,0x000000c674600000)]
  0x000002330f219ec0 JavaThread "Unconstrained build operations Thread 34" [_thread_blocked, id=15668, stack(0x000000c674600000,0x000000c674700000)]
  0x000002330f21a8e0 JavaThread "Unconstrained build operations Thread 35" [_thread_blocked, id=7756, stack(0x000000c674700000,0x000000c674800000)]
  0x0000023310898ec0 JavaThread "Unconstrained build operations Thread 36" [_thread_blocked, id=13700, stack(0x000000c674800000,0x000000c674900000)]
  0x00000233108998e0 JavaThread "Unconstrained build operations Thread 37" [_thread_blocked, id=11324, stack(0x000000c674900000,0x000000c674a00000)]
  0x000002331089a300 JavaThread "Unconstrained build operations Thread 38" [_thread_blocked, id=14700, stack(0x000000c674a00000,0x000000c674b00000)]
  0x00000233078a74a0 JavaThread "Unconstrained build operations Thread 39" [_thread_blocked, id=12752, stack(0x000000c674b00000,0x000000c674c00000)]
  0x00000233078a9810 JavaThread "Unconstrained build operations Thread 40" [_thread_blocked, id=12112, stack(0x000000c674c00000,0x000000c674d00000)]
  0x00000233078a7ec0 JavaThread "pool-11-thread-1" [_thread_blocked, id=10696, stack(0x000000c674f00000,0x000000c675000000)]
  0x000002330f21b300 JavaThread "build event listener" [_thread_blocked, id=11676, stack(0x000000c675100000,0x000000c675200000)]
  0x000002330f21b810 JavaThread "Cache worker for execution history cache (D:\deliverypatner-frontend\android\.gradle\9.0.0\executionHistory)" [_thread_blocked, id=14752, stack(0x000000c675300000,0x000000c675400000)]

Other Threads:
=>0x00000233623c9ef0 VMThread "VM Thread" [stack: 0x000000c66f100000,0x000000c66f200000] [id=15680]
  0x000002334499e5c0 WatcherThread [stack: 0x000000c66fd00000,0x000000c66fe00000] [id=13108]
  0x00000233449fbaa0 GCTaskThread "GC Thread#0" [stack: 0x000000c66ec00000,0x000000c66ed00000] [id=7772]
  0x00000233629fea40 GCTaskThread "GC Thread#1" [stack: 0x000000c66fe00000,0x000000c66ff00000] [id=11500]
  0x00000233629fed00 GCTaskThread "GC Thread#2" [stack: 0x000000c66ff00000,0x000000c670000000] [id=18060]
  0x000002337e7426c0 GCTaskThread "GC Thread#3" [stack: 0x000000c670100000,0x000000c670200000] [id=980]
  0x0000023344a0c910 ConcurrentGCThread "G1 Main Marker" [stack: 0x000000c66ed00000,0x000000c66ee00000] [id=14212]
  0x0000023344a0d3a0 ConcurrentGCThread "G1 Conc#0" [stack: 0x000000c66ee00000,0x000000c66ef00000] [id=14448]
  0x0000023362286280 ConcurrentGCThread "G1 Refine#0" [stack: 0x000000c66ef00000,0x000000c66f000000] [id=17292]
  0x000002337e735940 ConcurrentGCThread "G1 Refine#1" [stack: 0x000000c670200000,0x000000c670300000] [id=17624]
  0x0000023305165350 ConcurrentGCThread "G1 Refine#2" [stack: 0x000000c671500000,0x000000c671600000] [id=15828]
  0x0000023344a4dd00 ConcurrentGCThread "G1 Service" [stack: 0x000000c66f000000,0x000000c66f100000] [id=11564]

Threads with active compile tasks:
C2 CompilerThread0  1657438 27953       4       org.gradle.api.internal.artifacts.transform.TransformStep::lambda$createInvocation$2 (93 bytes)
C2 CompilerThread1  1657438 27752       4       org.gradle.api.internal.artifacts.ivyservice.ivyresolve.CachingModuleComponentRepository$LocateInCacheRepositoryAccess::resolveComponentMetaDataFromCache (415 bytes)

VM state: at safepoint (normal execution)

VM Mutex/Monitor currently owned by a thread:  ([mutex/lock_event])
[0x0000023342680cc0] Threads_lock - owner thread: 0x00000233623c9ef0
[0x000002334499add0] Heap_lock - owner thread: 0x000002331115b8e0

Heap address: 0x0000000080000000, size: 2048 MB, Compressed Oops mode: 32-bit

CDS archive(s) mapped at: [0x0000023363000000-0x0000023363bb0000-0x0000023363bb0000), size 12255232, SharedBaseAddress: 0x0000023363000000, ArchiveRelocationMode: 1.
Compressed class space mapped at: 0x0000023364000000-0x000002337e000000, reserved size: 436207616
Narrow klass base: 0x0000023363000000, Narrow klass shift: 0, Narrow klass range: 0x100000000

GC Precious Log:
 CPUs: 4 total, 4 available
 Memory: 10116M
 Large Page Support: Disabled
 NUMA Support: Disabled
 Compressed Oops: Enabled (32-bit)
 Heap Region Size: 1M
 Heap Min Capacity: 8M
 Heap Initial Capacity: 160M
 Heap Max Capacity: 2G
 Pre-touch: Disabled
 Parallel Workers: 4
 Concurrent Workers: 1
 Concurrent Refinement Workers: 4
 Periodic GC: Disabled

Heap:
 garbage-first heap   total 501760K, used 271872K [0x0000000080000000, 0x0000000100000000)
  region size 1024K, 20 young (20480K), 20 survivors (20480K)
 Metaspace       used 146952K, committed 149120K, reserved 557056K
  class space    used 19375K, committed 20416K, reserved 425984K

Heap Regions: E=young(eden), S=young(survivor), O=old, HS=humongous(starts), HC=humongous(continues), CS=collection set, F=free, OA=open archive, CA=closed archive, TAMS=top-at-mark-start (previous, next)
|   0|0x0000000080000000, 0x0000000080100000, 0x0000000080100000|100%|HS|  |TAMS 0x0000000080100000, 0x0000000080100000| Complete 
|   1|0x0000000080100000, 0x0000000080200000, 0x0000000080200000|100%|HC|  |TAMS 0x0000000080200000, 0x0000000080200000| Complete 
|   2|0x0000000080200000, 0x0000000080300000, 0x0000000080300000|100%|HC|  |TAMS 0x0000000080300000, 0x0000000080300000| Complete 
|   3|0x0000000080300000, 0x0000000080400000, 0x0000000080400000|100%| O|  |TAMS 0x0000000080400000, 0x0000000080400000| Untracked 
|   4|0x0000000080400000, 0x0000000080500000, 0x0000000080500000|100%| O|  |TAMS 0x0000000080500000, 0x0000000080500000| Untracked 
|   5|0x0000000080500000, 0x0000000080600000, 0x0000000080600000|100%| O|  |TAMS 0x0000000080600000, 0x0000000080600000| Untracked 
|   6|0x0000000080600000, 0x0000000080700000, 0x0000000080700000|100%| O|  |TAMS 0x0000000080700000, 0x0000000080700000| Untracked 
|   7|0x0000000080700000, 0x0000000080800000, 0x0000000080800000|100%|HS|  |TAMS 0x0000000080800000, 0x0000000080800000| Complete 
|   8|0x0000000080800000, 0x0000000080900000, 0x0000000080900000|100%| O|  |TAMS 0x0000000080900000, 0x0000000080900000| Untracked 
|   9|0x0000000080900000, 0x0000000080a00000, 0x0000000080a00000|100%| O|  |TAMS 0x0000000080a00000, 0x0000000080a00000| Untracked 
|  10|0x0000000080a00000, 0x0000000080b00000, 0x0000000080b00000|100%| O|  |TAMS 0x0000000080b00000, 0x0000000080b00000| Untracked 
|  11|0x0000000080b00000, 0x0000000080c00000, 0x0000000080c00000|100%| O|  |TAMS 0x0000000080c00000, 0x0000000080c00000| Untracked 
|  12|0x0000000080c00000, 0x0000000080d00000, 0x0000000080d00000|100%| O|  |TAMS 0x0000000080d00000, 0x0000000080d00000| Untracked 
|  13|0x0000000080d00000, 0x0000000080e00000, 0x0000000080e00000|100%| O|  |TAMS 0x0000000080e00000, 0x0000000080e00000| Untracked 
|  14|0x0000000080e00000, 0x0000000080f00000, 0x0000000080f00000|100%| O|  |TAMS 0x0000000080f00000, 0x0000000080f00000| Untracked 
|  15|0x0000000080f00000, 0x0000000081000000, 0x0000000081000000|100%| O|  |TAMS 0x0000000081000000, 0x0000000081000000| Untracked 
|  16|0x0000000081000000, 0x0000000081100000, 0x0000000081100000|100%| O|  |TAMS 0x0000000081100000, 0x0000000081100000| Untracked 
|  17|0x0000000081100000, 0x0000000081200000, 0x0000000081200000|100%| O|  |TAMS 0x0000000081200000, 0x0000000081200000| Untracked 
|  18|0x0000000081200000, 0x0000000081300000, 0x0000000081300000|100%| O|  |TAMS 0x0000000081300000, 0x0000000081300000| Untracked 
|  19|0x0000000081300000, 0x0000000081400000, 0x0000000081400000|100%| O|  |TAMS 0x0000000081400000, 0x0000000081400000| Untracked 
|  20|0x0000000081400000, 0x0000000081500000, 0x0000000081500000|100%| O|  |TAMS 0x0000000081500000, 0x0000000081500000| Untracked 
|  21|0x0000000081500000, 0x0000000081600000, 0x0000000081600000|100%| O|  |TAMS 0x0000000081600000, 0x0000000081600000| Untracked 
|  22|0x0000000081600000, 0x0000000081700000, 0x0000000081700000|100%| O|  |TAMS 0x0000000081700000, 0x0000000081700000| Untracked 
|  23|0x0000000081700000, 0x0000000081800000, 0x0000000081800000|100%| O|  |TAMS 0x0000000081800000, 0x0000000081800000| Untracked 
|  24|0x0000000081800000, 0x0000000081900000, 0x0000000081900000|100%| O|  |TAMS 0x0000000081900000, 0x0000000081900000| Untracked 
|  25|0x0000000081900000, 0x0000000081a00000, 0x0000000081a00000|100%| O|  |TAMS 0x0000000081a00000, 0x0000000081a00000| Untracked 
|  26|0x0000000081a00000, 0x0000000081b00000, 0x0000000081b00000|100%| O|  |TAMS 0x0000000081b00000, 0x0000000081b00000| Untracked 
|  27|0x0000000081b00000, 0x0000000081c00000, 0x0000000081c00000|100%| O|  |TAMS 0x0000000081c00000, 0x0000000081c00000| Untracked 
|  28|0x0000000081c00000, 0x0000000081d00000, 0x0000000081d00000|100%| O|  |TAMS 0x0000000081d00000, 0x0000000081d00000| Untracked 
|  29|0x0000000081d00000, 0x0000000081e00000, 0x0000000081e00000|100%| O|  |TAMS 0x0000000081e00000, 0x0000000081e00000| Untracked 
|  30|0x0000000081e00000, 0x0000000081f00000, 0x0000000081f00000|100%| O|  |TAMS 0x0000000081f00000, 0x0000000081f00000| Untracked 
|  31|0x0000000081f00000, 0x0000000082000000, 0x0000000082000000|100%| O|  |TAMS 0x0000000082000000, 0x0000000082000000| Untracked 
|  32|0x0000000082000000, 0x0000000082100000, 0x0000000082100000|100%| O|  |TAMS 0x0000000082100000, 0x0000000082100000| Untracked 
|  33|0x0000000082100000, 0x0000000082200000, 0x0000000082200000|100%| O|  |TAMS 0x0000000082200000, 0x0000000082200000| Untracked 
|  34|0x0000000082200000, 0x0000000082300000, 0x0000000082300000|100%| O|  |TAMS 0x0000000082200000, 0x0000000082200000| Untracked 
|  35|0x0000000082300000, 0x0000000082400000, 0x0000000082400000|100%| O|  |TAMS 0x0000000082400000, 0x0000000082400000| Untracked 
|  36|0x0000000082400000, 0x0000000082500000, 0x0000000082500000|100%| O|  |TAMS 0x0000000082500000, 0x0000000082500000| Untracked 
|  37|0x0000000082500000, 0x0000000082600000, 0x0000000082600000|100%| O|  |TAMS 0x0000000082600000, 0x0000000082600000| Untracked 
|  38|0x0000000082600000, 0x0000000082700000, 0x0000000082700000|100%| O|  |TAMS 0x0000000082700000, 0x0000000082700000| Untracked 
|  39|0x0000000082700000, 0x0000000082800000, 0x0000000082800000|100%| O|  |TAMS 0x0000000082800000, 0x0000000082800000| Untracked 
|  40|0x0000000082800000, 0x0000000082900000, 0x0000000082900000|100%| O|  |TAMS 0x0000000082800000, 0x0000000082800000| Untracked 
|  41|0x0000000082900000, 0x0000000082a00000, 0x0000000082a00000|100%| O|  |TAMS 0x0000000082900000, 0x0000000082a00000| Untracked 
|  42|0x0000000082a00000, 0x0000000082b00000, 0x0000000082b00000|100%|HS|  |TAMS 0x0000000082b00000, 0x0000000082b00000| Complete 
|  43|0x0000000082b00000, 0x0000000082c00000, 0x0000000082c00000|100%|HS|  |TAMS 0x0000000082c00000, 0x0000000082c00000| Complete 
|  44|0x0000000082c00000, 0x0000000082d00000, 0x0000000082d00000|100%|HC|  |TAMS 0x0000000082d00000, 0x0000000082d00000| Complete 
|  45|0x0000000082d00000, 0x0000000082e00000, 0x0000000082e00000|100%|HC|  |TAMS 0x0000000082e00000, 0x0000000082e00000| Complete 
|  46|0x0000000082e00000, 0x0000000082f00000, 0x0000000082f00000|100%|HS|  |TAMS 0x0000000082f00000, 0x0000000082f00000| Complete 
|  47|0x0000000082f00000, 0x0000000083000000, 0x0000000083000000|100%|HC|  |TAMS 0x0000000083000000, 0x0000000083000000| Complete 
|  48|0x0000000083000000, 0x0000000083100000, 0x0000000083100000|100%|HC|  |TAMS 0x0000000083100000, 0x0000000083100000| Complete 
|  49|0x0000000083100000, 0x0000000083200000, 0x0000000083200000|100%| O|  |TAMS 0x0000000083100000, 0x0000000083200000| Untracked 
|  50|0x0000000083200000, 0x0000000083300000, 0x0000000083300000|100%| O|  |TAMS 0x0000000083300000, 0x0000000083300000| Untracked 
|  51|0x0000000083300000, 0x0000000083400000, 0x0000000083400000|100%| O|  |TAMS 0x0000000083400000, 0x0000000083400000| Untracked 
|  52|0x0000000083400000, 0x0000000083500000, 0x0000000083500000|100%|HS|  |TAMS 0x0000000083500000, 0x0000000083500000| Complete 
|  53|0x0000000083500000, 0x0000000083600000, 0x0000000083600000|100%| O|  |TAMS 0x0000000083500000, 0x0000000083500000| Untracked 
|  54|0x0000000083600000, 0x0000000083700000, 0x0000000083700000|100%| O|  |TAMS 0x0000000083700000, 0x0000000083700000| Untracked 
|  55|0x0000000083700000, 0x0000000083800000, 0x0000000083800000|100%| O|  |TAMS 0x0000000083800000, 0x0000000083800000| Untracked 
|  56|0x0000000083800000, 0x0000000083900000, 0x0000000083900000|100%| O|  |TAMS 0x0000000083900000, 0x0000000083900000| Untracked 
|  57|0x0000000083900000, 0x0000000083a00000, 0x0000000083a00000|100%| O|  |TAMS 0x0000000083a00000, 0x0000000083a00000| Untracked 
|  58|0x0000000083a00000, 0x0000000083b00000, 0x0000000083b00000|100%| O|  |TAMS 0x0000000083b00000, 0x0000000083b00000| Untracked 
|  59|0x0000000083b00000, 0x0000000083c00000, 0x0000000083c00000|100%| O|  |TAMS 0x0000000083c00000, 0x0000000083c00000| Untracked 
|  60|0x0000000083c00000, 0x0000000083d00000, 0x0000000083d00000|100%| O|  |TAMS 0x0000000083c00000, 0x0000000083d00000| Untracked 
|  61|0x0000000083d00000, 0x0000000083e00000, 0x0000000083e00000|100%| O|  |TAMS 0x0000000083d00000, 0x0000000083e00000| Untracked 
|  62|0x0000000083e00000, 0x0000000083f00000, 0x0000000083f00000|100%| O|  |TAMS 0x0000000083f00000, 0x0000000083f00000| Untracked 
|  63|0x0000000083f00000, 0x0000000084000000, 0x0000000084000000|100%| O|  |TAMS 0x0000000084000000, 0x0000000084000000| Untracked 
|  64|0x0000000084000000, 0x0000000084100000, 0x0000000084100000|100%| O|  |TAMS 0x0000000084100000, 0x0000000084100000| Untracked 
|  65|0x0000000084100000, 0x0000000084200000, 0x0000000084200000|100%| O|  |TAMS 0x0000000084200000, 0x0000000084200000| Untracked 
|  66|0x0000000084200000, 0x0000000084300000, 0x0000000084300000|100%| O|  |TAMS 0x0000000084300000, 0x0000000084300000| Untracked 
|  67|0x0000000084300000, 0x0000000084400000, 0x0000000084400000|100%| O|  |TAMS 0x0000000084300000, 0x0000000084400000| Untracked 
|  68|0x0000000084400000, 0x0000000084500000, 0x0000000084500000|100%| O|  |TAMS 0x0000000084500000, 0x0000000084500000| Untracked 
|  69|0x0000000084500000, 0x0000000084600000, 0x0000000084600000|100%| O|  |TAMS 0x0000000084500000, 0x0000000084600000| Untracked 
|  70|0x0000000084600000, 0x0000000084700000, 0x0000000084700000|100%| O|  |TAMS 0x0000000084600000, 0x0000000084700000| Untracked 
|  71|0x0000000084700000, 0x0000000084800000, 0x0000000084800000|100%|HS|  |TAMS 0x0000000084800000, 0x0000000084800000| Complete 
|  72|0x0000000084800000, 0x0000000084900000, 0x0000000084900000|100%|HS|  |TAMS 0x0000000084900000, 0x0000000084900000| Complete 
|  73|0x0000000084900000, 0x0000000084a00000, 0x0000000084a00000|100%|HS|  |TAMS 0x0000000084a00000, 0x0000000084a00000| Complete 
|  74|0x0000000084a00000, 0x0000000084b00000, 0x0000000084b00000|100%|HS|  |TAMS 0x0000000084b00000, 0x0000000084b00000| Complete 
|  75|0x0000000084b00000, 0x0000000084c00000, 0x0000000084c00000|100%|HS|  |TAMS 0x0000000084c00000, 0x0000000084c00000| Complete 
|  76|0x0000000084c00000, 0x0000000084d00000, 0x0000000084d00000|100%| O|  |TAMS 0x0000000084d00000, 0x0000000084d00000| Untracked 
|  77|0x0000000084d00000, 0x0000000084e00000, 0x0000000084e00000|100%|HS|  |TAMS 0x0000000084e00000, 0x0000000084e00000| Complete 
|  78|0x0000000084e00000, 0x0000000084f00000, 0x0000000084f00000|100%|HS|  |TAMS 0x0000000084f00000, 0x0000000084f00000| Complete 
|  79|0x0000000084f00000, 0x0000000085000000, 0x0000000085000000|100%| O|  |TAMS 0x0000000085000000, 0x0000000085000000| Untracked 
|  80|0x0000000085000000, 0x0000000085080000, 0x0000000085100000| 50%| O|  |TAMS 0x0000000085000000, 0x0000000085000000| Untracked 
|  81|0x0000000085100000, 0x0000000085200000, 0x0000000085200000|100%|HS|  |TAMS 0x0000000085200000, 0x0000000085200000| Complete 
|  82|0x0000000085200000, 0x0000000085300000, 0x0000000085300000|100%| O|  |TAMS 0x0000000085300000, 0x0000000085300000| Untracked 
|  83|0x0000000085300000, 0x0000000085400000, 0x0000000085400000|100%| O|  |TAMS 0x0000000085400000, 0x0000000085400000| Untracked 
|  84|0x0000000085400000, 0x0000000085500000, 0x0000000085500000|100%| O|  |TAMS 0x0000000085500000, 0x0000000085500000| Untracked 
|  85|0x0000000085500000, 0x0000000085600000, 0x0000000085600000|100%| O|  |TAMS 0x0000000085600000, 0x0000000085600000| Untracked 
|  86|0x0000000085600000, 0x0000000085700000, 0x0000000085700000|100%|HS|  |TAMS 0x0000000085700000, 0x0000000085700000| Complete 
|  87|0x0000000085700000, 0x0000000085800000, 0x0000000085800000|100%| O|  |TAMS 0x0000000085800000, 0x0000000085800000| Untracked 
|  88|0x0000000085800000, 0x0000000085900000, 0x0000000085900000|100%| O|  |TAMS 0x0000000085900000, 0x0000000085900000| Untracked 
|  89|0x0000000085900000, 0x0000000085a00000, 0x0000000085a00000|100%| O|  |TAMS 0x0000000085a00000, 0x0000000085a00000| Untracked 
|  90|0x0000000085a00000, 0x0000000085b00000, 0x0000000085b00000|100%| O|  |TAMS 0x0000000085b00000, 0x0000000085b00000| Untracked 
|  91|0x0000000085b00000, 0x0000000085c00000, 0x0000000085c00000|100%| O|  |TAMS 0x0000000085c00000, 0x0000000085c00000| Untracked 
|  92|0x0000000085c00000, 0x0000000085d00000, 0x0000000085d00000|100%| O|  |TAMS 0x0000000085d00000, 0x0000000085d00000| Untracked 
|  93|0x0000000085d00000, 0x0000000085e00000, 0x0000000085e00000|100%| O|  |TAMS 0x0000000085e00000, 0x0000000085e00000| Untracked 
|  94|0x0000000085e00000, 0x0000000085f00000, 0x0000000085f00000|100%| O|  |TAMS 0x0000000085e00000, 0x0000000085f00000| Untracked 
|  95|0x0000000085f00000, 0x0000000086000000, 0x0000000086000000|100%| O|  |TAMS 0x0000000086000000, 0x0000000086000000| Untracked 
|  96|0x0000000086000000, 0x0000000086100000, 0x0000000086100000|100%|HS|  |TAMS 0x0000000086100000, 0x0000000086100000| Complete 
|  97|0x0000000086100000, 0x0000000086200000, 0x0000000086200000|100%|HC|  |TAMS 0x0000000086200000, 0x0000000086200000| Complete 
|  98|0x0000000086200000, 0x0000000086300000, 0x0000000086300000|100%|HC|  |TAMS 0x0000000086300000, 0x0000000086300000| Complete 
|  99|0x0000000086300000, 0x0000000086400000, 0x0000000086400000|100%| O|  |TAMS 0x0000000086400000, 0x0000000086400000| Untracked 
| 100|0x0000000086400000, 0x0000000086500000, 0x0000000086500000|100%| O|  |TAMS 0x0000000086500000, 0x0000000086500000| Untracked 
| 101|0x0000000086500000, 0x0000000086600000, 0x0000000086600000|100%| O|  |TAMS 0x0000000086600000, 0x0000000086600000| Untracked 
| 102|0x0000000086600000, 0x0000000086700000, 0x0000000086700000|100%| O|  |TAMS 0x0000000086700000, 0x0000000086700000| Untracked 
| 103|0x0000000086700000, 0x0000000086800000, 0x0000000086800000|100%| O|  |TAMS 0x0000000086800000, 0x0000000086800000| Untracked 
| 104|0x0000000086800000, 0x0000000086900000, 0x0000000086900000|100%| O|  |TAMS 0x0000000086900000, 0x0000000086900000| Untracked 
| 105|0x0000000086900000, 0x0000000086a00000, 0x0000000086a00000|100%| O|  |TAMS 0x0000000086900000, 0x0000000086a00000| Untracked 
| 106|0x0000000086a00000, 0x0000000086b00000, 0x0000000086b00000|100%| O|  |TAMS 0x0000000086a00000, 0x0000000086b00000| Untracked 
| 107|0x0000000086b00000, 0x0000000086c00000, 0x0000000086c00000|100%| O|  |TAMS 0x0000000086c00000, 0x0000000086c00000| Untracked 
| 108|0x0000000086c00000, 0x0000000086d00000, 0x0000000086d00000|100%| O|  |TAMS 0x0000000086d00000, 0x0000000086d00000| Untracked 
| 109|0x0000000086d00000, 0x0000000086e00000, 0x0000000086e00000|100%| O|  |TAMS 0x0000000086e00000, 0x0000000086e00000| Untracked 
| 110|0x0000000086e00000, 0x0000000086f00000, 0x0000000086f00000|100%| O|  |TAMS 0x0000000086f00000, 0x0000000086f00000| Untracked 
| 111|0x0000000086f00000, 0x0000000087000000, 0x0000000087000000|100%| O|  |TAMS 0x0000000087000000, 0x0000000087000000| Untracked 
| 112|0x0000000087000000, 0x0000000087100000, 0x0000000087100000|100%| O|  |TAMS 0x0000000087100000, 0x0000000087100000| Untracked 
| 113|0x0000000087100000, 0x0000000087200000, 0x0000000087200000|100%| O|  |TAMS 0x0000000087200000, 0x0000000087200000| Untracked 
| 114|0x0000000087200000, 0x0000000087300000, 0x0000000087300000|100%| O|  |TAMS 0x0000000087200000, 0x0000000087300000| Untracked 
| 115|0x0000000087300000, 0x0000000087300000, 0x0000000087400000|  0%| F|  |TAMS 0x0000000087300000, 0x0000000087300000| Untracked 
| 116|0x0000000087400000, 0x0000000087500000, 0x0000000087500000|100%| O|  |TAMS 0x0000000087500000, 0x0000000087500000| Untracked 
| 117|0x0000000087500000, 0x0000000087600000, 0x0000000087600000|100%| O|  |TAMS 0x0000000087600000, 0x0000000087600000| Untracked 
| 118|0x0000000087600000, 0x0000000087700000, 0x0000000087700000|100%| O|  |TAMS 0x0000000087600000, 0x0000000087700000| Untracked 
| 119|0x0000000087700000, 0x0000000087800000, 0x0000000087800000|100%| O|  |TAMS 0x0000000087700000, 0x0000000087800000| Untracked 
| 120|0x0000000087800000, 0x0000000087800000, 0x0000000087900000|  0%| F|  |TAMS 0x0000000087800000, 0x0000000087800000| Untracked 
| 121|0x0000000087900000, 0x0000000087a00000, 0x0000000087a00000|100%| O|  |TAMS 0x0000000087a00000, 0x0000000087a00000| Untracked 
| 122|0x0000000087a00000, 0x0000000087b00000, 0x0000000087b00000|100%| O|  |TAMS 0x0000000087b00000, 0x0000000087b00000| Untracked 
| 123|0x0000000087b00000, 0x0000000087c00000, 0x0000000087c00000|100%| O|  |TAMS 0x0000000087c00000, 0x0000000087c00000| Untracked 
| 124|0x0000000087c00000, 0x0000000087d00000, 0x0000000087d00000|100%| O|  |TAMS 0x0000000087d00000, 0x0000000087d00000| Untracked 
| 125|0x0000000087d00000, 0x0000000087d00000, 0x0000000087e00000|  0%| F|  |TAMS 0x0000000087d00000, 0x0000000087d00000| Untracked 
| 126|0x0000000087e00000, 0x0000000087e00000, 0x0000000087f00000|  0%| F|  |TAMS 0x0000000087e00000, 0x0000000087e00000| Untracked 
| 127|0x0000000087f00000, 0x0000000088000000, 0x0000000088000000|100%| O|  |TAMS 0x0000000088000000, 0x0000000088000000| Untracked 
| 128|0x0000000088000000, 0x0000000088100000, 0x0000000088100000|100%| O|  |TAMS 0x0000000088100000, 0x0000000088100000| Untracked 
| 129|0x0000000088100000, 0x0000000088200000, 0x0000000088200000|100%| O|  |TAMS 0x0000000088200000, 0x0000000088200000| Untracked 
| 130|0x0000000088200000, 0x0000000088300000, 0x0000000088300000|100%|HS|  |TAMS 0x0000000088300000, 0x0000000088300000| Complete 
| 131|0x0000000088300000, 0x0000000088400000, 0x0000000088400000|100%| O|  |TAMS 0x0000000088400000, 0x0000000088400000| Untracked 
| 132|0x0000000088400000, 0x0000000088500000, 0x0000000088500000|100%| O|  |TAMS 0x0000000088500000, 0x0000000088500000| Untracked 
| 133|0x0000000088500000, 0x0000000088500000, 0x0000000088600000|  0%| F|  |TAMS 0x0000000088500000, 0x0000000088500000| Untracked 
| 134|0x0000000088600000, 0x0000000088600000, 0x0000000088700000|  0%| F|  |TAMS 0x0000000088600000, 0x0000000088600000| Untracked 
| 135|0x0000000088700000, 0x0000000088700000, 0x0000000088800000|  0%| F|  |TAMS 0x0000000088700000, 0x0000000088700000| Untracked 
| 136|0x0000000088800000, 0x0000000088900000, 0x0000000088900000|100%| O|  |TAMS 0x0000000088900000, 0x0000000088900000| Untracked 
| 137|0x0000000088900000, 0x0000000088900000, 0x0000000088a00000|  0%| F|  |TAMS 0x0000000088900000, 0x0000000088900000| Untracked 
| 138|0x0000000088a00000, 0x0000000088b00000, 0x0000000088b00000|100%|HS|  |TAMS 0x0000000088b00000, 0x0000000088b00000| Complete 
| 139|0x0000000088b00000, 0x0000000088c00000, 0x0000000088c00000|100%|HC|  |TAMS 0x0000000088c00000, 0x0000000088c00000| Complete 
| 140|0x0000000088c00000, 0x0000000088d00000, 0x0000000088d00000|100%|HS|  |TAMS 0x0000000088d00000, 0x0000000088d00000| Complete 
| 141|0x0000000088d00000, 0x0000000088e00000, 0x0000000088e00000|100%| O|  |TAMS 0x0000000088e00000, 0x0000000088e00000| Untracked 
| 142|0x0000000088e00000, 0x0000000088f00000, 0x0000000088f00000|100%| O|  |TAMS 0x0000000088f00000, 0x0000000088f00000| Untracked 
| 143|0x0000000088f00000, 0x0000000089000000, 0x0000000089000000|100%| O|  |TAMS 0x0000000089000000, 0x0000000089000000| Untracked 
| 144|0x0000000089000000, 0x0000000089100000, 0x0000000089100000|100%| O|  |TAMS 0x0000000089100000, 0x0000000089100000| Untracked 
| 145|0x0000000089100000, 0x0000000089200000, 0x0000000089200000|100%| O|  |TAMS 0x0000000089200000, 0x0000000089200000| Untracked 
| 146|0x0000000089200000, 0x0000000089300000, 0x0000000089300000|100%| O|  |TAMS 0x0000000089300000, 0x0000000089300000| Untracked 
| 147|0x0000000089300000, 0x0000000089400000, 0x0000000089400000|100%| O|  |TAMS 0x0000000089400000, 0x0000000089400000| Untracked 
| 148|0x0000000089400000, 0x0000000089500000, 0x0000000089500000|100%| O|  |TAMS 0x0000000089500000, 0x0000000089500000| Untracked 
| 149|0x0000000089500000, 0x0000000089500000, 0x0000000089600000|  0%| F|  |TAMS 0x0000000089500000, 0x0000000089500000| Untracked 
| 150|0x0000000089600000, 0x0000000089600000, 0x0000000089700000|  0%| F|  |TAMS 0x0000000089600000, 0x0000000089600000| Untracked 
| 151|0x0000000089700000, 0x0000000089700000, 0x0000000089800000|  0%| F|  |TAMS 0x0000000089700000, 0x0000000089700000| Untracked 
| 152|0x0000000089800000, 0x0000000089900000, 0x0000000089900000|100%| O|  |TAMS 0x0000000089900000, 0x0000000089900000| Untracked 
| 153|0x0000000089900000, 0x0000000089a00000, 0x0000000089a00000|100%| O|  |TAMS 0x0000000089a00000, 0x0000000089a00000| Untracked 
| 154|0x0000000089a00000, 0x0000000089a00000, 0x0000000089b00000|  0%| F|  |TAMS 0x0000000089a00000, 0x0000000089a00000| Untracked 
| 155|0x0000000089b00000, 0x0000000089b00000, 0x0000000089c00000|  0%| F|  |TAMS 0x0000000089b00000, 0x0000000089b00000| Untracked 
| 156|0x0000000089c00000, 0x0000000089d00000, 0x0000000089d00000|100%|HS|  |TAMS 0x0000000089d00000, 0x0000000089d00000| Complete 
| 157|0x0000000089d00000, 0x0000000089e00000, 0x0000000089e00000|100%| O|  |TAMS 0x0000000089e00000, 0x0000000089e00000| Untracked 
| 158|0x0000000089e00000, 0x0000000089f00000, 0x0000000089f00000|100%| O|  |TAMS 0x0000000089f00000, 0x0000000089f00000| Untracked 
| 159|0x0000000089f00000, 0x000000008a000000, 0x000000008a000000|100%| O|  |TAMS 0x000000008a000000, 0x000000008a000000| Untracked 
| 160|0x000000008a000000, 0x000000008a100000, 0x000000008a100000|100%| O|  |TAMS 0x000000008a100000, 0x000000008a100000| Untracked 
| 161|0x000000008a100000, 0x000000008a100000, 0x000000008a200000|  0%| F|  |TAMS 0x000000008a100000, 0x000000008a100000| Untracked 
| 162|0x000000008a200000, 0x000000008a200000, 0x000000008a300000|  0%| F|  |TAMS 0x000000008a200000, 0x000000008a200000| Untracked 
| 163|0x000000008a300000, 0x000000008a400000, 0x000000008a400000|100%| O|  |TAMS 0x000000008a400000, 0x000000008a400000| Untracked 
| 164|0x000000008a400000, 0x000000008a400000, 0x000000008a500000|  0%| F|  |TAMS 0x000000008a400000, 0x000000008a400000| Untracked 
| 165|0x000000008a500000, 0x000000008a500000, 0x000000008a600000|  0%| F|  |TAMS 0x000000008a500000, 0x000000008a500000| Untracked 
| 166|0x000000008a600000, 0x000000008a700000, 0x000000008a700000|100%| O|  |TAMS 0x000000008a700000, 0x000000008a700000| Untracked 
| 167|0x000000008a700000, 0x000000008a700000, 0x000000008a800000|  0%| F|  |TAMS 0x000000008a700000, 0x000000008a700000| Untracked 
| 168|0x000000008a800000, 0x000000008a800000, 0x000000008a900000|  0%| F|  |TAMS 0x000000008a800000, 0x000000008a800000| Untracked 
| 169|0x000000008a900000, 0x000000008aa00000, 0x000000008aa00000|100%| O|  |TAMS 0x000000008aa00000, 0x000000008aa00000| Untracked 
| 170|0x000000008aa00000, 0x000000008aa00000, 0x000000008ab00000|  0%| F|  |TAMS 0x000000008aa00000, 0x000000008aa00000| Untracked 
| 171|0x000000008ab00000, 0x000000008ac00000, 0x000000008ac00000|100%| O|  |TAMS 0x000000008ac00000, 0x000000008ac00000| Untracked 
| 172|0x000000008ac00000, 0x000000008ac00000, 0x000000008ad00000|  0%| F|  |TAMS 0x000000008ac00000, 0x000000008ac00000| Untracked 
| 173|0x000000008ad00000, 0x000000008ad00000, 0x000000008ae00000|  0%| F|  |TAMS 0x000000008ad00000, 0x000000008ad00000| Untracked 
| 174|0x000000008ae00000, 0x000000008af00000, 0x000000008af00000|100%| O|  |TAMS 0x000000008af00000, 0x000000008af00000| Untracked 
| 175|0x000000008af00000, 0x000000008b000000, 0x000000008b000000|100%| O|  |TAMS 0x000000008b000000, 0x000000008b000000| Untracked 
| 176|0x000000008b000000, 0x000000008b100000, 0x000000008b100000|100%| O|  |TAMS 0x000000008b100000, 0x000000008b100000| Untracked 
| 177|0x000000008b100000, 0x000000008b200000, 0x000000008b200000|100%| O|  |TAMS 0x000000008b200000, 0x000000008b200000| Untracked 
| 178|0x000000008b200000, 0x000000008b200000, 0x000000008b300000|  0%| F|  |TAMS 0x000000008b200000, 0x000000008b200000| Untracked 
| 179|0x000000008b300000, 0x000000008b300000, 0x000000008b400000|  0%| F|  |TAMS 0x000000008b300000, 0x000000008b300000| Untracked 
| 180|0x000000008b400000, 0x000000008b400000, 0x000000008b500000|  0%| F|  |TAMS 0x000000008b400000, 0x000000008b400000| Untracked 
| 181|0x000000008b500000, 0x000000008b500000, 0x000000008b600000|  0%| F|  |TAMS 0x000000008b500000, 0x000000008b500000| Untracked 
| 182|0x000000008b600000, 0x000000008b700000, 0x000000008b700000|100%| O|  |TAMS 0x000000008b700000, 0x000000008b700000| Untracked 
| 183|0x000000008b700000, 0x000000008b800000, 0x000000008b800000|100%| O|  |TAMS 0x000000008b800000, 0x000000008b800000| Untracked 
| 184|0x000000008b800000, 0x000000008b800000, 0x000000008b900000|  0%| F|  |TAMS 0x000000008b800000, 0x000000008b800000| Untracked 
| 185|0x000000008b900000, 0x000000008ba00000, 0x000000008ba00000|100%| O|  |TAMS 0x000000008ba00000, 0x000000008ba00000| Untracked 
| 186|0x000000008ba00000, 0x000000008ba00000, 0x000000008bb00000|  0%| F|  |TAMS 0x000000008ba00000, 0x000000008ba00000| Untracked 
| 187|0x000000008bb00000, 0x000000008bb00000, 0x000000008bc00000|  0%| F|  |TAMS 0x000000008bb00000, 0x000000008bb00000| Untracked 
| 188|0x000000008bc00000, 0x000000008bd00000, 0x000000008bd00000|100%| O|  |TAMS 0x000000008bd00000, 0x000000008bd00000| Untracked 
| 189|0x000000008bd00000, 0x000000008be00000, 0x000000008be00000|100%| O|  |TAMS 0x000000008be00000, 0x000000008be00000| Untracked 
| 190|0x000000008be00000, 0x000000008be00000, 0x000000008bf00000|  0%| F|  |TAMS 0x000000008be00000, 0x000000008be00000| Untracked 
| 191|0x000000008bf00000, 0x000000008bf00000, 0x000000008c000000|  0%| F|  |TAMS 0x000000008bf00000, 0x000000008bf00000| Untracked 
| 192|0x000000008c000000, 0x000000008c000000, 0x000000008c100000|  0%| F|  |TAMS 0x000000008c000000, 0x000000008c000000| Untracked 
| 193|0x000000008c100000, 0x000000008c100000, 0x000000008c200000|  0%| F|  |TAMS 0x000000008c100000, 0x000000008c100000| Untracked 
| 194|0x000000008c200000, 0x000000008c200000, 0x000000008c300000|  0%| F|  |TAMS 0x000000008c200000, 0x000000008c200000| Untracked 
| 195|0x000000008c300000, 0x000000008c300000, 0x000000008c400000|  0%| F|  |TAMS 0x000000008c300000, 0x000000008c300000| Untracked 
| 196|0x000000008c400000, 0x000000008c500000, 0x000000008c500000|100%| O|  |TAMS 0x000000008c400000, 0x000000008c500000| Untracked 
| 197|0x000000008c500000, 0x000000008c600000, 0x000000008c600000|100%| O|  |TAMS 0x000000008c500000, 0x000000008c600000| Untracked 
| 198|0x000000008c600000, 0x000000008c700000, 0x000000008c700000|100%| O|  |TAMS 0x000000008c700000, 0x000000008c700000| Untracked 
| 199|0x000000008c700000, 0x000000008c800000, 0x000000008c800000|100%| O|  |TAMS 0x000000008c700000, 0x000000008c800000| Untracked 
| 200|0x000000008c800000, 0x000000008c900000, 0x000000008c900000|100%| O|  |TAMS 0x000000008c800000, 0x000000008c900000| Untracked 
| 201|0x000000008c900000, 0x000000008ca00000, 0x000000008ca00000|100%| O|  |TAMS 0x000000008c900000, 0x000000008ca00000| Untracked 
| 202|0x000000008ca00000, 0x000000008ca00000, 0x000000008cb00000|  0%| F|  |TAMS 0x000000008ca00000, 0x000000008ca00000| Untracked 
| 203|0x000000008cb00000, 0x000000008cc00000, 0x000000008cc00000|100%| O|  |TAMS 0x000000008cc00000, 0x000000008cc00000| Untracked 
| 204|0x000000008cc00000, 0x000000008cd00000, 0x000000008cd00000|100%| O|  |TAMS 0x000000008cd00000, 0x000000008cd00000| Untracked 
| 205|0x000000008cd00000, 0x000000008ce00000, 0x000000008ce00000|100%| O|  |TAMS 0x000000008cd00000, 0x000000008ce00000| Untracked 
| 206|0x000000008ce00000, 0x000000008cf00000, 0x000000008cf00000|100%| O|  |TAMS 0x000000008cf00000, 0x000000008cf00000| Untracked 
| 207|0x000000008cf00000, 0x000000008d000000, 0x000000008d000000|100%| O|  |TAMS 0x000000008d000000, 0x000000008d000000| Untracked 
| 208|0x000000008d000000, 0x000000008d100000, 0x000000008d100000|100%| O|  |TAMS 0x000000008d100000, 0x000000008d100000| Untracked 
| 209|0x000000008d100000, 0x000000008d200000, 0x000000008d200000|100%| O|  |TAMS 0x000000008d200000, 0x000000008d200000| Untracked 
| 210|0x000000008d200000, 0x000000008d300000, 0x000000008d300000|100%| O|  |TAMS 0x000000008d200000, 0x000000008d300000| Untracked 
| 211|0x000000008d300000, 0x000000008d400000, 0x000000008d400000|100%| O|  |TAMS 0x000000008d300000, 0x000000008d400000| Untracked 
| 212|0x000000008d400000, 0x000000008d500000, 0x000000008d500000|100%| O|  |TAMS 0x000000008d400000, 0x000000008d500000| Untracked 
| 213|0x000000008d500000, 0x000000008d600000, 0x000000008d600000|100%| O|  |TAMS 0x000000008d500000, 0x000000008d600000| Untracked 
| 214|0x000000008d600000, 0x000000008d700000, 0x000000008d700000|100%| O|  |TAMS 0x000000008d600000, 0x000000008d700000| Untracked 
| 215|0x000000008d700000, 0x000000008d800000, 0x000000008d800000|100%| O|  |TAMS 0x000000008d700000, 0x000000008d800000| Untracked 
| 216|0x000000008d800000, 0x000000008d900000, 0x000000008d900000|100%| O|  |TAMS 0x000000008d800000, 0x000000008d900000| Untracked 
| 217|0x000000008d900000, 0x000000008da00000, 0x000000008da00000|100%| O|  |TAMS 0x000000008d900000, 0x000000008da00000| Untracked 
| 218|0x000000008da00000, 0x000000008db00000, 0x000000008db00000|100%| O|  |TAMS 0x000000008da00000, 0x000000008db00000| Untracked 
| 219|0x000000008db00000, 0x000000008dc00000, 0x000000008dc00000|100%| O|  |TAMS 0x000000008db00000, 0x000000008dc00000| Untracked 
| 220|0x000000008dc00000, 0x000000008dd00000, 0x000000008dd00000|100%| O|  |TAMS 0x000000008dc00000, 0x000000008dd00000| Untracked 
| 221|0x000000008dd00000, 0x000000008de00000, 0x000000008de00000|100%| O|  |TAMS 0x000000008dd00000, 0x000000008de00000| Untracked 
| 222|0x000000008de00000, 0x000000008df00000, 0x000000008df00000|100%| O|  |TAMS 0x000000008de00000, 0x000000008df00000| Untracked 
| 223|0x000000008df00000, 0x000000008e000000, 0x000000008e000000|100%| O|  |TAMS 0x000000008df00000, 0x000000008e000000| Untracked 
| 224|0x000000008e000000, 0x000000008e100000, 0x000000008e100000|100%| O|  |TAMS 0x000000008e000000, 0x000000008e100000| Untracked 
| 225|0x000000008e100000, 0x000000008e100000, 0x000000008e200000|  0%| F|  |TAMS 0x000000008e100000, 0x000000008e100000| Untracked 
| 226|0x000000008e200000, 0x000000008e300000, 0x000000008e300000|100%| O|  |TAMS 0x000000008e200000, 0x000000008e300000| Untracked 
| 227|0x000000008e300000, 0x000000008e400000, 0x000000008e400000|100%| O|  |TAMS 0x000000008e400000, 0x000000008e400000| Untracked 
| 228|0x000000008e400000, 0x000000008e500000, 0x000000008e500000|100%| O|  |TAMS 0x000000008e400000, 0x000000008e500000| Untracked 
| 229|0x000000008e500000, 0x000000008e500000, 0x000000008e600000|  0%| F|  |TAMS 0x000000008e500000, 0x000000008e500000| Untracked 
| 230|0x000000008e600000, 0x000000008e700000, 0x000000008e700000|100%| O|  |TAMS 0x000000008e700000, 0x000000008e700000| Untracked 
| 231|0x000000008e700000, 0x000000008e700000, 0x000000008e800000|  0%| F|  |TAMS 0x000000008e700000, 0x000000008e700000| Untracked 
| 232|0x000000008e800000, 0x000000008e800000, 0x000000008e900000|  0%| F|  |TAMS 0x000000008e800000, 0x000000008e800000| Untracked 
| 233|0x000000008e900000, 0x000000008e900000, 0x000000008ea00000|  0%| F|  |TAMS 0x000000008e900000, 0x000000008e900000| Untracked 
| 234|0x000000008ea00000, 0x000000008eb00000, 0x000000008eb00000|100%| O|  |TAMS 0x000000008ea00000, 0x000000008eb00000| Untracked 
| 235|0x000000008eb00000, 0x000000008ec00000, 0x000000008ec00000|100%| O|  |TAMS 0x000000008eb00000, 0x000000008ec00000| Untracked 
| 236|0x000000008ec00000, 0x000000008ed00000, 0x000000008ed00000|100%| O|  |TAMS 0x000000008ec00000, 0x000000008ed00000| Untracked 
| 237|0x000000008ed00000, 0x000000008ee00000, 0x000000008ee00000|100%| O|  |TAMS 0x000000008ed00000, 0x000000008ee00000| Untracked 
| 238|0x000000008ee00000, 0x000000008ef00000, 0x000000008ef00000|100%| O|  |TAMS 0x000000008ee00000, 0x000000008ef00000| Untracked 
| 239|0x000000008ef00000, 0x000000008f000000, 0x000000008f000000|100%| O|  |TAMS 0x000000008ef00000, 0x000000008f000000| Untracked 
| 240|0x000000008f000000, 0x000000008f100000, 0x000000008f100000|100%| O|  |TAMS 0x000000008f000000, 0x000000008f100000| Untracked 
| 241|0x000000008f100000, 0x000000008f200000, 0x000000008f200000|100%| O|  |TAMS 0x000000008f100000, 0x000000008f200000| Untracked 
| 242|0x000000008f200000, 0x000000008f300000, 0x000000008f300000|100%| O|  |TAMS 0x000000008f200000, 0x000000008f300000| Untracked 
| 243|0x000000008f300000, 0x000000008f400000, 0x000000008f400000|100%| O|  |TAMS 0x000000008f300000, 0x000000008f400000| Untracked 
| 244|0x000000008f400000, 0x000000008f500000, 0x000000008f500000|100%| O|  |TAMS 0x000000008f400000, 0x000000008f500000| Untracked 
| 245|0x000000008f500000, 0x000000008f600000, 0x000000008f600000|100%| O|  |TAMS 0x000000008f500000, 0x000000008f600000| Untracked 
| 246|0x000000008f600000, 0x000000008f700000, 0x000000008f700000|100%| O|  |TAMS 0x000000008f600000, 0x000000008f700000| Untracked 
| 247|0x000000008f700000, 0x000000008f800000, 0x000000008f800000|100%| O|  |TAMS 0x000000008f800000, 0x000000008f800000| Untracked 
| 248|0x000000008f800000, 0x000000008f900000, 0x000000008f900000|100%| O|  |TAMS 0x000000008f900000, 0x000000008f900000| Untracked 
| 249|0x000000008f900000, 0x000000008fa00000, 0x000000008fa00000|100%| O|  |TAMS 0x000000008fa00000, 0x000000008fa00000| Untracked 
| 250|0x000000008fa00000, 0x000000008fb00000, 0x000000008fb00000|100%| O|  |TAMS 0x000000008fa00000, 0x000000008fb00000| Untracked 
| 251|0x000000008fb00000, 0x000000008fc00000, 0x000000008fc00000|100%| O|  |TAMS 0x000000008fb00000, 0x000000008fc00000| Untracked 
| 252|0x000000008fc00000, 0x000000008fd00000, 0x000000008fd00000|100%| O|  |TAMS 0x000000008fc00000, 0x000000008fd00000| Untracked 
| 253|0x000000008fd00000, 0x000000008fe00000, 0x000000008fe00000|100%| O|  |TAMS 0x000000008fd00000, 0x000000008fe00000| Untracked 
| 254|0x000000008fe00000, 0x000000008ff00000, 0x000000008ff00000|100%| O|  |TAMS 0x000000008fe00000, 0x000000008ff00000| Untracked 
| 255|0x000000008ff00000, 0x0000000090000000, 0x0000000090000000|100%| O|  |TAMS 0x000000008ff00000, 0x0000000090000000| Untracked 
| 256|0x0000000090000000, 0x0000000090100000, 0x0000000090100000|100%| O|  |TAMS 0x0000000090100000, 0x0000000090100000| Untracked 
| 257|0x0000000090100000, 0x0000000090200000, 0x0000000090200000|100%| O|  |TAMS 0x0000000090200000, 0x0000000090200000| Untracked 
| 258|0x0000000090200000, 0x0000000090300000, 0x0000000090300000|100%| O|  |TAMS 0x0000000090300000, 0x0000000090300000| Untracked 
| 259|0x0000000090300000, 0x0000000090400000, 0x0000000090400000|100%| O|  |TAMS 0x0000000090400000, 0x0000000090400000| Untracked 
| 260|0x0000000090400000, 0x0000000090400000, 0x0000000090500000|  0%| F|  |TAMS 0x0000000090400000, 0x0000000090400000| Untracked 
| 261|0x0000000090500000, 0x0000000090500000, 0x0000000090600000|  0%| F|  |TAMS 0x0000000090500000, 0x0000000090500000| Untracked 
| 262|0x0000000090600000, 0x0000000090700000, 0x0000000090700000|100%| O|  |TAMS 0x0000000090700000, 0x0000000090700000| Untracked 
| 263|0x0000000090700000, 0x0000000090800000, 0x0000000090800000|100%| O|  |TAMS 0x0000000090800000, 0x0000000090800000| Untracked 
| 264|0x0000000090800000, 0x0000000090900000, 0x0000000090900000|100%| O|  |TAMS 0x0000000090900000, 0x0000000090900000| Untracked 
| 265|0x0000000090900000, 0x0000000090900000, 0x0000000090a00000|  0%| F|  |TAMS 0x0000000090900000, 0x0000000090900000| Untracked 
| 266|0x0000000090a00000, 0x0000000090b00000, 0x0000000090b00000|100%| O|  |TAMS 0x0000000090b00000, 0x0000000090b00000| Untracked 
| 267|0x0000000090b00000, 0x0000000090b00000, 0x0000000090c00000|  0%| F|  |TAMS 0x0000000090b00000, 0x0000000090b00000| Untracked 
| 268|0x0000000090c00000, 0x0000000090c00000, 0x0000000090d00000|  0%| F|  |TAMS 0x0000000090c00000, 0x0000000090c00000| Untracked 
| 269|0x0000000090d00000, 0x0000000090d00000, 0x0000000090e00000|  0%| F|  |TAMS 0x0000000090d00000, 0x0000000090d00000| Untracked 
| 270|0x0000000090e00000, 0x0000000090e00000, 0x0000000090f00000|  0%| F|  |TAMS 0x0000000090e00000, 0x0000000090e00000| Untracked 
| 271|0x0000000090f00000, 0x0000000090f00000, 0x0000000091000000|  0%| F|  |TAMS 0x0000000090f00000, 0x0000000090f00000| Untracked 
| 272|0x0000000091000000, 0x0000000091000000, 0x0000000091100000|  0%| F|  |TAMS 0x0000000091000000, 0x0000000091000000| Untracked 
| 273|0x0000000091100000, 0x0000000091100000, 0x0000000091200000|  0%| F|  |TAMS 0x0000000091100000, 0x0000000091100000| Untracked 
| 274|0x0000000091200000, 0x0000000091300000, 0x0000000091300000|100%| O|  |TAMS 0x0000000091200000, 0x0000000091300000| Untracked 
| 275|0x0000000091300000, 0x0000000091400000, 0x0000000091400000|100%| O|  |TAMS 0x0000000091300000, 0x0000000091400000| Untracked 
| 276|0x0000000091400000, 0x0000000091500000, 0x0000000091500000|100%| O|  |TAMS 0x0000000091400000, 0x0000000091500000| Untracked 
| 277|0x0000000091500000, 0x0000000091600000, 0x0000000091600000|100%| O|  |TAMS 0x0000000091500000, 0x0000000091600000| Untracked 
| 278|0x0000000091600000, 0x0000000091700000, 0x0000000091700000|100%| O|  |TAMS 0x0000000091600000, 0x0000000091700000| Untracked 
| 279|0x0000000091700000, 0x0000000091800000, 0x0000000091800000|100%| O|  |TAMS 0x0000000091700000, 0x0000000091800000| Untracked 
| 280|0x0000000091800000, 0x0000000091900000, 0x0000000091900000|100%| O|  |TAMS 0x0000000091800000, 0x0000000091900000| Untracked 
| 281|0x0000000091900000, 0x0000000091a00000, 0x0000000091a00000|100%| O|  |TAMS 0x0000000091900000, 0x0000000091a00000| Untracked 
| 282|0x0000000091a00000, 0x0000000091b00000, 0x0000000091b00000|100%| O|  |TAMS 0x0000000091a00000, 0x0000000091b00000| Untracked 
| 283|0x0000000091b00000, 0x0000000091c00000, 0x0000000091c00000|100%| O|  |TAMS 0x0000000091b00000, 0x0000000091c00000| Untracked 
| 284|0x0000000091c00000, 0x0000000091d00000, 0x0000000091d00000|100%| O|  |TAMS 0x0000000091c00000, 0x0000000091d00000| Untracked 
| 285|0x0000000091d00000, 0x0000000091e00000, 0x0000000091e00000|100%| O|  |TAMS 0x0000000091d00000, 0x0000000091e00000| Untracked 
| 286|0x0000000091e00000, 0x0000000091f00000, 0x0000000091f00000|100%| O|  |TAMS 0x0000000091e00000, 0x0000000091f00000| Untracked 
| 287|0x0000000091f00000, 0x0000000092000000, 0x0000000092000000|100%| O|  |TAMS 0x0000000091f00000, 0x0000000092000000| Untracked 
| 288|0x0000000092000000, 0x0000000092100000, 0x0000000092100000|100%| O|  |TAMS 0x0000000092000000, 0x0000000092100000| Untracked 
| 289|0x0000000092100000, 0x0000000092200000, 0x0000000092200000|100%| O|  |TAMS 0x0000000092100000, 0x0000000092200000| Untracked 
| 290|0x0000000092200000, 0x0000000092300000, 0x0000000092300000|100%| O|  |TAMS 0x0000000092200000, 0x0000000092300000| Untracked 
| 291|0x0000000092300000, 0x0000000092400000, 0x0000000092400000|100%| O|  |TAMS 0x0000000092300000, 0x0000000092400000| Untracked 
| 292|0x0000000092400000, 0x0000000092500000, 0x0000000092500000|100%| O|  |TAMS 0x0000000092400000, 0x0000000092500000| Untracked 
| 293|0x0000000092500000, 0x0000000092500000, 0x0000000092600000|  0%| F|  |TAMS 0x0000000092500000, 0x0000000092500000| Untracked 
| 294|0x0000000092600000, 0x0000000092600000, 0x0000000092700000|  0%| F|  |TAMS 0x0000000092600000, 0x0000000092600000| Untracked 
| 295|0x0000000092700000, 0x0000000092700000, 0x0000000092800000|  0%| F|  |TAMS 0x0000000092700000, 0x0000000092700000| Untracked 
| 296|0x0000000092800000, 0x0000000092800000, 0x0000000092900000|  0%| F|  |TAMS 0x0000000092800000, 0x0000000092800000| Untracked 
| 297|0x0000000092900000, 0x0000000092900000, 0x0000000092a00000|  0%| F|  |TAMS 0x0000000092900000, 0x0000000092900000| Untracked 
| 298|0x0000000092a00000, 0x0000000092a00000, 0x0000000092b00000|  0%| F|  |TAMS 0x0000000092a00000, 0x0000000092a00000| Untracked 
| 299|0x0000000092b00000, 0x0000000092b00000, 0x0000000092c00000|  0%| F|  |TAMS 0x0000000092b00000, 0x0000000092b00000| Untracked 
| 300|0x0000000092c00000, 0x0000000092c00000, 0x0000000092d00000|  0%| F|  |TAMS 0x0000000092c00000, 0x0000000092c00000| Untracked 
| 301|0x0000000092d00000, 0x0000000092e00000, 0x0000000092e00000|100%| O|  |TAMS 0x0000000092e00000, 0x0000000092e00000| Untracked 
| 302|0x0000000092e00000, 0x0000000092f00000, 0x0000000092f00000|100%| O|  |TAMS 0x0000000092f00000, 0x0000000092f00000| Untracked 
| 303|0x0000000092f00000, 0x0000000093000000, 0x0000000093000000|100%| O|  |TAMS 0x0000000093000000, 0x0000000093000000| Untracked 
| 304|0x0000000093000000, 0x0000000093100000, 0x0000000093100000|100%| O|  |TAMS 0x0000000093100000, 0x0000000093100000| Untracked 
| 305|0x0000000093100000, 0x0000000093100000, 0x0000000093200000|  0%| F|  |TAMS 0x0000000093100000, 0x0000000093100000| Untracked 
| 306|0x0000000093200000, 0x0000000093200000, 0x0000000093300000|  0%| F|  |TAMS 0x0000000093200000, 0x0000000093200000| Untracked 
| 307|0x0000000093300000, 0x0000000093300000, 0x0000000093400000|  0%| F|  |TAMS 0x0000000093300000, 0x0000000093300000| Untracked 
| 308|0x0000000093400000, 0x0000000093400000, 0x0000000093500000|  0%| F|  |TAMS 0x0000000093400000, 0x0000000093400000| Untracked 
| 309|0x0000000093500000, 0x0000000093500000, 0x0000000093600000|  0%| F|  |TAMS 0x0000000093500000, 0x0000000093500000| Untracked 
| 310|0x0000000093600000, 0x0000000093600000, 0x0000000093700000|  0%| F|  |TAMS 0x0000000093600000, 0x0000000093600000| Untracked 
| 311|0x0000000093700000, 0x0000000093800000, 0x0000000093800000|100%| S|CS|TAMS 0x0000000093700000, 0x0000000093700000| Complete 
| 312|0x0000000093800000, 0x0000000093900000, 0x0000000093900000|100%| S|CS|TAMS 0x0000000093800000, 0x0000000093800000| Complete 
| 313|0x0000000093900000, 0x0000000093a00000, 0x0000000093a00000|100%| S|CS|TAMS 0x0000000093900000, 0x0000000093900000| Complete 
| 314|0x0000000093a00000, 0x0000000093b00000, 0x0000000093b00000|100%| S|CS|TAMS 0x0000000093a00000, 0x0000000093a00000| Complete 
| 315|0x0000000093b00000, 0x0000000093c00000, 0x0000000093c00000|100%| S|CS|TAMS 0x0000000093b00000, 0x0000000093b00000| Complete 
| 316|0x0000000093c00000, 0x0000000093d00000, 0x0000000093d00000|100%| S|CS|TAMS 0x0000000093c00000, 0x0000000093c00000| Complete 
| 317|0x0000000093d00000, 0x0000000093e00000, 0x0000000093e00000|100%| S|CS|TAMS 0x0000000093d00000, 0x0000000093d00000| Complete 
| 318|0x0000000093e00000, 0x0000000093f00000, 0x0000000093f00000|100%| S|CS|TAMS 0x0000000093e00000, 0x0000000093e00000| Complete 
| 319|0x0000000093f00000, 0x0000000094000000, 0x0000000094000000|100%| S|CS|TAMS 0x0000000093f00000, 0x0000000093f00000| Complete 
| 320|0x0000000094000000, 0x0000000094100000, 0x0000000094100000|100%| S|CS|TAMS 0x0000000094000000, 0x0000000094000000| Complete 
| 321|0x0000000094100000, 0x0000000094200000, 0x0000000094200000|100%| S|CS|TAMS 0x0000000094100000, 0x0000000094100000| Complete 
| 322|0x0000000094200000, 0x0000000094300000, 0x0000000094300000|100%| S|CS|TAMS 0x0000000094200000, 0x0000000094200000| Complete 
| 323|0x0000000094300000, 0x0000000094400000, 0x0000000094400000|100%| S|CS|TAMS 0x0000000094300000, 0x0000000094300000| Complete 
| 324|0x0000000094400000, 0x0000000094500000, 0x0000000094500000|100%| S|CS|TAMS 0x0000000094400000, 0x0000000094400000| Complete 
| 325|0x0000000094500000, 0x0000000094600000, 0x0000000094600000|100%| S|CS|TAMS 0x0000000094500000, 0x0000000094500000| Complete 
| 326|0x0000000094600000, 0x0000000094700000, 0x0000000094700000|100%| S|CS|TAMS 0x0000000094600000, 0x0000000094600000| Complete 
| 327|0x0000000094700000, 0x0000000094800000, 0x0000000094800000|100%| S|CS|TAMS 0x0000000094700000, 0x0000000094700000| Complete 
| 328|0x0000000094800000, 0x0000000094900000, 0x0000000094900000|100%| S|CS|TAMS 0x0000000094800000, 0x0000000094800000| Complete 
| 329|0x0000000094900000, 0x0000000094a00000, 0x0000000094a00000|100%| S|CS|TAMS 0x0000000094900000, 0x0000000094900000| Complete 
| 330|0x0000000094a00000, 0x0000000094b00000, 0x0000000094b00000|100%| S|CS|TAMS 0x0000000094a00000, 0x0000000094a00000| Complete 
| 331|0x0000000094b00000, 0x0000000094b00000, 0x0000000094c00000|  0%| F|  |TAMS 0x0000000094b00000, 0x0000000094b00000| Untracked 
| 332|0x0000000094c00000, 0x0000000094c00000, 0x0000000094d00000|  0%| F|  |TAMS 0x0000000094c00000, 0x0000000094c00000| Untracked 
| 333|0x0000000094d00000, 0x0000000094d00000, 0x0000000094e00000|  0%| F|  |TAMS 0x0000000094d00000, 0x0000000094d00000| Untracked 
| 334|0x0000000094e00000, 0x0000000094e00000, 0x0000000094f00000|  0%| F|  |TAMS 0x0000000094e00000, 0x0000000094e00000| Untracked 
| 335|0x0000000094f00000, 0x0000000094f00000, 0x0000000095000000|  0%| F|  |TAMS 0x0000000094f00000, 0x0000000094f00000| Untracked 
| 336|0x0000000095000000, 0x0000000095000000, 0x0000000095100000|  0%| F|  |TAMS 0x0000000095000000, 0x0000000095000000| Untracked 
| 337|0x0000000095100000, 0x0000000095100000, 0x0000000095200000|  0%| F|  |TAMS 0x0000000095100000, 0x0000000095100000| Untracked 
| 338|0x0000000095200000, 0x0000000095200000, 0x0000000095300000|  0%| F|  |TAMS 0x0000000095200000, 0x0000000095200000| Untracked 
| 339|0x0000000095300000, 0x0000000095300000, 0x0000000095400000|  0%| F|  |TAMS 0x0000000095300000, 0x0000000095300000| Untracked 
| 340|0x0000000095400000, 0x0000000095400000, 0x0000000095500000|  0%| F|  |TAMS 0x0000000095400000, 0x0000000095400000| Untracked 
| 341|0x0000000095500000, 0x0000000095500000, 0x0000000095600000|  0%| F|  |TAMS 0x0000000095500000, 0x0000000095500000| Untracked 
| 342|0x0000000095600000, 0x0000000095600000, 0x0000000095700000|  0%| F|  |TAMS 0x0000000095600000, 0x0000000095600000| Untracked 
| 343|0x0000000095700000, 0x0000000095700000, 0x0000000095800000|  0%| F|  |TAMS 0x0000000095700000, 0x0000000095700000| Untracked 
| 344|0x0000000095800000, 0x0000000095800000, 0x0000000095900000|  0%| F|  |TAMS 0x0000000095800000, 0x0000000095800000| Untracked 
| 345|0x0000000095900000, 0x0000000095900000, 0x0000000095a00000|  0%| F|  |TAMS 0x0000000095900000, 0x0000000095900000| Untracked 
| 346|0x0000000095a00000, 0x0000000095a00000, 0x0000000095b00000|  0%| F|  |TAMS 0x0000000095a00000, 0x0000000095a00000| Untracked 
| 347|0x0000000095b00000, 0x0000000095b00000, 0x0000000095c00000|  0%| F|  |TAMS 0x0000000095b00000, 0x0000000095b00000| Untracked 
| 348|0x0000000095c00000, 0x0000000095c00000, 0x0000000095d00000|  0%| F|  |TAMS 0x0000000095c00000, 0x0000000095c00000| Untracked 
| 349|0x0000000095d00000, 0x0000000095d00000, 0x0000000095e00000|  0%| F|  |TAMS 0x0000000095d00000, 0x0000000095d00000| Untracked 
| 350|0x0000000095e00000, 0x0000000095e00000, 0x0000000095f00000|  0%| F|  |TAMS 0x0000000095e00000, 0x0000000095e00000| Untracked 
| 351|0x0000000095f00000, 0x0000000095f00000, 0x0000000096000000|  0%| F|  |TAMS 0x0000000095f00000, 0x0000000095f00000| Untracked 
| 352|0x0000000096000000, 0x0000000096000000, 0x0000000096100000|  0%| F|  |TAMS 0x0000000096000000, 0x0000000096000000| Untracked 
| 353|0x0000000096100000, 0x0000000096100000, 0x0000000096200000|  0%| F|  |TAMS 0x0000000096100000, 0x0000000096100000| Untracked 
| 354|0x0000000096200000, 0x0000000096200000, 0x0000000096300000|  0%| F|  |TAMS 0x0000000096200000, 0x0000000096200000| Untracked 
| 355|0x0000000096300000, 0x0000000096300000, 0x0000000096400000|  0%| F|  |TAMS 0x0000000096300000, 0x0000000096300000| Untracked 
| 356|0x0000000096400000, 0x0000000096400000, 0x0000000096500000|  0%| F|  |TAMS 0x0000000096400000, 0x0000000096400000| Untracked 
| 357|0x0000000096500000, 0x0000000096500000, 0x0000000096600000|  0%| F|  |TAMS 0x0000000096500000, 0x0000000096500000| Untracked 
| 358|0x0000000096600000, 0x0000000096600000, 0x0000000096700000|  0%| F|  |TAMS 0x0000000096600000, 0x0000000096600000| Untracked 
| 359|0x0000000096700000, 0x0000000096700000, 0x0000000096800000|  0%| F|  |TAMS 0x0000000096700000, 0x0000000096700000| Untracked 
| 360|0x0000000096800000, 0x0000000096800000, 0x0000000096900000|  0%| F|  |TAMS 0x0000000096800000, 0x0000000096800000| Untracked 
| 361|0x0000000096900000, 0x0000000096900000, 0x0000000096a00000|  0%| F|  |TAMS 0x0000000096900000, 0x0000000096900000| Untracked 
| 362|0x0000000096a00000, 0x0000000096a00000, 0x0000000096b00000|  0%| F|  |TAMS 0x0000000096a00000, 0x0000000096a00000| Untracked 
| 363|0x0000000096b00000, 0x0000000096b00000, 0x0000000096c00000|  0%| F|  |TAMS 0x0000000096b00000, 0x0000000096b00000| Untracked 
| 364|0x0000000096c00000, 0x0000000096c00000, 0x0000000096d00000|  0%| F|  |TAMS 0x0000000096c00000, 0x0000000096c00000| Untracked 
| 365|0x0000000096d00000, 0x0000000096d00000, 0x0000000096e00000|  0%| F|  |TAMS 0x0000000096d00000, 0x0000000096d00000| Untracked 
| 366|0x0000000096e00000, 0x0000000096e00000, 0x0000000096f00000|  0%| F|  |TAMS 0x0000000096e00000, 0x0000000096e00000| Untracked 
| 367|0x0000000096f00000, 0x0000000096f00000, 0x0000000097000000|  0%| F|  |TAMS 0x0000000096f00000, 0x0000000096f00000| Untracked 
| 368|0x0000000097000000, 0x0000000097000000, 0x0000000097100000|  0%| F|  |TAMS 0x0000000097000000, 0x0000000097000000| Untracked 
| 369|0x0000000097100000, 0x0000000097100000, 0x0000000097200000|  0%| F|  |TAMS 0x0000000097100000, 0x0000000097100000| Untracked 
| 370|0x0000000097200000, 0x0000000097200000, 0x0000000097300000|  0%| F|  |TAMS 0x0000000097200000, 0x0000000097200000| Untracked 
| 371|0x0000000097300000, 0x0000000097300000, 0x0000000097400000|  0%| F|  |TAMS 0x0000000097300000, 0x0000000097300000| Untracked 
| 372|0x0000000097400000, 0x0000000097400000, 0x0000000097500000|  0%| F|  |TAMS 0x0000000097400000, 0x0000000097400000| Untracked 
| 373|0x0000000097500000, 0x0000000097500000, 0x0000000097600000|  0%| F|  |TAMS 0x0000000097500000, 0x0000000097500000| Untracked 
| 374|0x0000000097600000, 0x0000000097600000, 0x0000000097700000|  0%| F|  |TAMS 0x0000000097600000, 0x0000000097600000| Untracked 
| 375|0x0000000097700000, 0x0000000097700000, 0x0000000097800000|  0%| F|  |TAMS 0x0000000097700000, 0x0000000097700000| Untracked 
| 376|0x0000000097800000, 0x0000000097800000, 0x0000000097900000|  0%| F|  |TAMS 0x0000000097800000, 0x0000000097800000| Untracked 
| 377|0x0000000097900000, 0x0000000097900000, 0x0000000097a00000|  0%| F|  |TAMS 0x0000000097900000, 0x0000000097900000| Untracked 
| 378|0x0000000097a00000, 0x0000000097a00000, 0x0000000097b00000|  0%| F|  |TAMS 0x0000000097a00000, 0x0000000097a00000| Untracked 
| 379|0x0000000097b00000, 0x0000000097b00000, 0x0000000097c00000|  0%| F|  |TAMS 0x0000000097b00000, 0x0000000097b00000| Untracked 
| 380|0x0000000097c00000, 0x0000000097c00000, 0x0000000097d00000|  0%| F|  |TAMS 0x0000000097c00000, 0x0000000097c00000| Untracked 
| 381|0x0000000097d00000, 0x0000000097d00000, 0x0000000097e00000|  0%| F|  |TAMS 0x0000000097d00000, 0x0000000097d00000| Untracked 
| 382|0x0000000097e00000, 0x0000000097e00000, 0x0000000097f00000|  0%| F|  |TAMS 0x0000000097e00000, 0x0000000097e00000| Untracked 
| 383|0x0000000097f00000, 0x0000000097f00000, 0x0000000098000000|  0%| F|  |TAMS 0x0000000097f00000, 0x0000000097f00000| Untracked 
| 384|0x0000000098000000, 0x0000000098000000, 0x0000000098100000|  0%| F|  |TAMS 0x0000000098000000, 0x0000000098000000| Untracked 
| 385|0x0000000098100000, 0x0000000098100000, 0x0000000098200000|  0%| F|  |TAMS 0x0000000098100000, 0x0000000098100000| Untracked 
| 386|0x0000000098200000, 0x0000000098200000, 0x0000000098300000|  0%| F|  |TAMS 0x0000000098200000, 0x0000000098200000| Untracked 
| 387|0x0000000098300000, 0x0000000098300000, 0x0000000098400000|  0%| F|  |TAMS 0x0000000098300000, 0x0000000098300000| Untracked 
| 388|0x0000000098400000, 0x0000000098400000, 0x0000000098500000|  0%| F|  |TAMS 0x0000000098400000, 0x0000000098400000| Untracked 
| 389|0x0000000098500000, 0x0000000098500000, 0x0000000098600000|  0%| F|  |TAMS 0x0000000098500000, 0x0000000098500000| Untracked 
| 390|0x0000000098600000, 0x0000000098600000, 0x0000000098700000|  0%| F|  |TAMS 0x0000000098600000, 0x0000000098600000| Untracked 
| 391|0x0000000098700000, 0x0000000098700000, 0x0000000098800000|  0%| F|  |TAMS 0x0000000098700000, 0x0000000098700000| Untracked 
| 392|0x0000000098800000, 0x0000000098800000, 0x0000000098900000|  0%| F|  |TAMS 0x0000000098800000, 0x0000000098800000| Untracked 
| 393|0x0000000098900000, 0x0000000098900000, 0x0000000098a00000|  0%| F|  |TAMS 0x0000000098900000, 0x0000000098900000| Untracked 
| 394|0x0000000098a00000, 0x0000000098a00000, 0x0000000098b00000|  0%| F|  |TAMS 0x0000000098a00000, 0x0000000098a00000| Untracked 
| 395|0x0000000098b00000, 0x0000000098b00000, 0x0000000098c00000|  0%| F|  |TAMS 0x0000000098b00000, 0x0000000098b00000| Untracked 
| 396|0x0000000098c00000, 0x0000000098c00000, 0x0000000098d00000|  0%| F|  |TAMS 0x0000000098c00000, 0x0000000098c00000| Untracked 
| 397|0x0000000098d00000, 0x0000000098d00000, 0x0000000098e00000|  0%| F|  |TAMS 0x0000000098d00000, 0x0000000098d00000| Untracked 
| 398|0x0000000098e00000, 0x0000000098e00000, 0x0000000098f00000|  0%| F|  |TAMS 0x0000000098e00000, 0x0000000098e00000| Untracked 
| 399|0x0000000098f00000, 0x0000000098f00000, 0x0000000099000000|  0%| F|  |TAMS 0x0000000098f00000, 0x0000000098f00000| Untracked 
| 400|0x0000000099000000, 0x0000000099000000, 0x0000000099100000|  0%| F|  |TAMS 0x0000000099000000, 0x0000000099000000| Untracked 
| 401|0x0000000099100000, 0x0000000099100000, 0x0000000099200000|  0%| F|  |TAMS 0x0000000099100000, 0x0000000099100000| Untracked 
| 402|0x0000000099200000, 0x0000000099200000, 0x0000000099300000|  0%| F|  |TAMS 0x0000000099200000, 0x0000000099200000| Untracked 
| 403|0x0000000099300000, 0x0000000099300000, 0x0000000099400000|  0%| F|  |TAMS 0x0000000099300000, 0x0000000099300000| Untracked 
| 404|0x0000000099400000, 0x0000000099400000, 0x0000000099500000|  0%| F|  |TAMS 0x0000000099400000, 0x0000000099400000| Untracked 
| 405|0x0000000099500000, 0x0000000099500000, 0x0000000099600000|  0%| F|  |TAMS 0x0000000099500000, 0x0000000099500000| Untracked 
| 406|0x0000000099600000, 0x0000000099600000, 0x0000000099700000|  0%| F|  |TAMS 0x0000000099600000, 0x0000000099600000| Untracked 
| 407|0x0000000099700000, 0x0000000099700000, 0x0000000099800000|  0%| F|  |TAMS 0x0000000099700000, 0x0000000099700000| Untracked 
| 408|0x0000000099800000, 0x0000000099800000, 0x0000000099900000|  0%| F|  |TAMS 0x0000000099800000, 0x0000000099800000| Untracked 
| 409|0x0000000099900000, 0x0000000099900000, 0x0000000099a00000|  0%| F|  |TAMS 0x0000000099900000, 0x0000000099900000| Untracked 
| 410|0x0000000099a00000, 0x0000000099a00000, 0x0000000099b00000|  0%| F|  |TAMS 0x0000000099a00000, 0x0000000099a00000| Untracked 
| 411|0x0000000099b00000, 0x0000000099b00000, 0x0000000099c00000|  0%| F|  |TAMS 0x0000000099b00000, 0x0000000099b00000| Untracked 
| 412|0x0000000099c00000, 0x0000000099c00000, 0x0000000099d00000|  0%| F|  |TAMS 0x0000000099c00000, 0x0000000099c00000| Untracked 
| 413|0x0000000099d00000, 0x0000000099d00000, 0x0000000099e00000|  0%| F|  |TAMS 0x0000000099d00000, 0x0000000099d00000| Untracked 
| 414|0x0000000099e00000, 0x0000000099e00000, 0x0000000099f00000|  0%| F|  |TAMS 0x0000000099e00000, 0x0000000099e00000| Untracked 
| 415|0x0000000099f00000, 0x0000000099f00000, 0x000000009a000000|  0%| F|  |TAMS 0x0000000099f00000, 0x0000000099f00000| Untracked 
| 416|0x000000009a000000, 0x000000009a000000, 0x000000009a100000|  0%| F|  |TAMS 0x000000009a000000, 0x000000009a000000| Untracked 
| 417|0x000000009a100000, 0x000000009a100000, 0x000000009a200000|  0%| F|  |TAMS 0x000000009a100000, 0x000000009a100000| Untracked 
| 418|0x000000009a200000, 0x000000009a200000, 0x000000009a300000|  0%| F|  |TAMS 0x000000009a200000, 0x000000009a200000| Untracked 
| 419|0x000000009a300000, 0x000000009a300000, 0x000000009a400000|  0%| F|  |TAMS 0x000000009a300000, 0x000000009a300000| Untracked 
| 420|0x000000009a400000, 0x000000009a400000, 0x000000009a500000|  0%| F|  |TAMS 0x000000009a400000, 0x000000009a400000| Untracked 
| 421|0x000000009a500000, 0x000000009a500000, 0x000000009a600000|  0%| F|  |TAMS 0x000000009a500000, 0x000000009a500000| Untracked 
| 422|0x000000009a600000, 0x000000009a600000, 0x000000009a700000|  0%| F|  |TAMS 0x000000009a600000, 0x000000009a600000| Untracked 
| 423|0x000000009a700000, 0x000000009a700000, 0x000000009a800000|  0%| F|  |TAMS 0x000000009a700000, 0x000000009a700000| Untracked 
| 424|0x000000009a800000, 0x000000009a800000, 0x000000009a900000|  0%| F|  |TAMS 0x000000009a800000, 0x000000009a800000| Untracked 
| 425|0x000000009a900000, 0x000000009a900000, 0x000000009aa00000|  0%| F|  |TAMS 0x000000009a900000, 0x000000009a900000| Untracked 
| 426|0x000000009aa00000, 0x000000009aa00000, 0x000000009ab00000|  0%| F|  |TAMS 0x000000009aa00000, 0x000000009aa00000| Untracked 
| 427|0x000000009ab00000, 0x000000009ab00000, 0x000000009ac00000|  0%| F|  |TAMS 0x000000009ab00000, 0x000000009ab00000| Untracked 
| 428|0x000000009ac00000, 0x000000009ac00000, 0x000000009ad00000|  0%| F|  |TAMS 0x000000009ac00000, 0x000000009ac00000| Untracked 
| 429|0x000000009ad00000, 0x000000009ad00000, 0x000000009ae00000|  0%| F|  |TAMS 0x000000009ad00000, 0x000000009ad00000| Untracked 
| 430|0x000000009ae00000, 0x000000009ae00000, 0x000000009af00000|  0%| F|  |TAMS 0x000000009ae00000, 0x000000009ae00000| Untracked 
| 431|0x000000009af00000, 0x000000009af00000, 0x000000009b000000|  0%| F|  |TAMS 0x000000009af00000, 0x000000009af00000| Untracked 
| 432|0x000000009b000000, 0x000000009b000000, 0x000000009b100000|  0%| F|  |TAMS 0x000000009b000000, 0x000000009b000000| Untracked 
| 433|0x000000009b100000, 0x000000009b100000, 0x000000009b200000|  0%| F|  |TAMS 0x000000009b100000, 0x000000009b100000| Untracked 
| 434|0x000000009b200000, 0x000000009b200000, 0x000000009b300000|  0%| F|  |TAMS 0x000000009b200000, 0x000000009b200000| Untracked 
| 435|0x000000009b300000, 0x000000009b300000, 0x000000009b400000|  0%| F|  |TAMS 0x000000009b300000, 0x000000009b300000| Untracked 
| 436|0x000000009b400000, 0x000000009b400000, 0x000000009b500000|  0%| F|  |TAMS 0x000000009b400000, 0x000000009b400000| Untracked 
| 437|0x000000009b500000, 0x000000009b500000, 0x000000009b600000|  0%| F|  |TAMS 0x000000009b500000, 0x000000009b500000| Untracked 
| 438|0x000000009b600000, 0x000000009b600000, 0x000000009b700000|  0%| F|  |TAMS 0x000000009b600000, 0x000000009b600000| Untracked 
| 439|0x000000009b700000, 0x000000009b700000, 0x000000009b800000|  0%| F|  |TAMS 0x000000009b700000, 0x000000009b700000| Untracked 
| 440|0x000000009b800000, 0x000000009b800000, 0x000000009b900000|  0%| F|  |TAMS 0x000000009b800000, 0x000000009b800000| Untracked 
| 441|0x000000009b900000, 0x000000009b900000, 0x000000009ba00000|  0%| F|  |TAMS 0x000000009b900000, 0x000000009b900000| Untracked 
| 442|0x000000009ba00000, 0x000000009ba00000, 0x000000009bb00000|  0%| F|  |TAMS 0x000000009ba00000, 0x000000009ba00000| Untracked 
| 443|0x000000009bb00000, 0x000000009bb00000, 0x000000009bc00000|  0%| F|  |TAMS 0x000000009bb00000, 0x000000009bb00000| Untracked 
| 444|0x000000009bc00000, 0x000000009bc00000, 0x000000009bd00000|  0%| F|  |TAMS 0x000000009bc00000, 0x000000009bc00000| Untracked 
| 445|0x000000009bd00000, 0x000000009bd00000, 0x000000009be00000|  0%| F|  |TAMS 0x000000009bd00000, 0x000000009bd00000| Untracked 
| 446|0x000000009be00000, 0x000000009be00000, 0x000000009bf00000|  0%| F|  |TAMS 0x000000009be00000, 0x000000009be00000| Untracked 
| 447|0x000000009bf00000, 0x000000009bf00000, 0x000000009c000000|  0%| F|  |TAMS 0x000000009bf00000, 0x000000009bf00000| Untracked 
| 448|0x000000009c000000, 0x000000009c000000, 0x000000009c100000|  0%| F|  |TAMS 0x000000009c000000, 0x000000009c000000| Untracked 
| 449|0x000000009c100000, 0x000000009c100000, 0x000000009c200000|  0%| F|  |TAMS 0x000000009c100000, 0x000000009c100000| Untracked 
| 450|0x000000009c200000, 0x000000009c200000, 0x000000009c300000|  0%| F|  |TAMS 0x000000009c200000, 0x000000009c200000| Untracked 
| 451|0x000000009c300000, 0x000000009c300000, 0x000000009c400000|  0%| F|  |TAMS 0x000000009c300000, 0x000000009c300000| Untracked 
| 452|0x000000009c400000, 0x000000009c400000, 0x000000009c500000|  0%| F|  |TAMS 0x000000009c400000, 0x000000009c400000| Untracked 
| 453|0x000000009c500000, 0x000000009c500000, 0x000000009c600000|  0%| F|  |TAMS 0x000000009c500000, 0x000000009c500000| Untracked 
| 454|0x000000009c600000, 0x000000009c600000, 0x000000009c700000|  0%| F|  |TAMS 0x000000009c600000, 0x000000009c600000| Untracked 
| 455|0x000000009c700000, 0x000000009c700000, 0x000000009c800000|  0%| F|  |TAMS 0x000000009c700000, 0x000000009c700000| Untracked 
| 456|0x000000009c800000, 0x000000009c800000, 0x000000009c900000|  0%| F|  |TAMS 0x000000009c800000, 0x000000009c800000| Untracked 
| 457|0x000000009c900000, 0x000000009c900000, 0x000000009ca00000|  0%| F|  |TAMS 0x000000009c900000, 0x000000009c900000| Untracked 
| 458|0x000000009ca00000, 0x000000009ca00000, 0x000000009cb00000|  0%| F|  |TAMS 0x000000009ca00000, 0x000000009ca00000| Untracked 
| 459|0x000000009cb00000, 0x000000009cb00000, 0x000000009cc00000|  0%| F|  |TAMS 0x000000009cb00000, 0x000000009cb00000| Untracked 
| 460|0x000000009cc00000, 0x000000009cc00000, 0x000000009cd00000|  0%| F|  |TAMS 0x000000009cc00000, 0x000000009cc00000| Untracked 
| 461|0x000000009cd00000, 0x000000009cd00000, 0x000000009ce00000|  0%| F|  |TAMS 0x000000009cd00000, 0x000000009cd00000| Untracked 
| 462|0x000000009ce00000, 0x000000009ce00000, 0x000000009cf00000|  0%| F|  |TAMS 0x000000009ce00000, 0x000000009ce00000| Untracked 
| 463|0x000000009cf00000, 0x000000009cf00000, 0x000000009d000000|  0%| F|  |TAMS 0x000000009cf00000, 0x000000009cf00000| Untracked 
| 464|0x000000009d000000, 0x000000009d000000, 0x000000009d100000|  0%| F|  |TAMS 0x000000009d000000, 0x000000009d000000| Untracked 
| 465|0x000000009d100000, 0x000000009d100000, 0x000000009d200000|  0%| F|  |TAMS 0x000000009d100000, 0x000000009d100000| Untracked 
| 466|0x000000009d200000, 0x000000009d200000, 0x000000009d300000|  0%| F|  |TAMS 0x000000009d200000, 0x000000009d200000| Untracked 
| 467|0x000000009d300000, 0x000000009d300000, 0x000000009d400000|  0%| F|  |TAMS 0x000000009d300000, 0x000000009d300000| Untracked 
| 468|0x000000009d400000, 0x000000009d400000, 0x000000009d500000|  0%| F|  |TAMS 0x000000009d400000, 0x000000009d400000| Untracked 
| 469|0x000000009d500000, 0x000000009d500000, 0x000000009d600000|  0%| F|  |TAMS 0x000000009d500000, 0x000000009d500000| Untracked 
| 470|0x000000009d600000, 0x000000009d600000, 0x000000009d700000|  0%| F|  |TAMS 0x000000009d600000, 0x000000009d600000| Untracked 
| 471|0x000000009d700000, 0x000000009d700000, 0x000000009d800000|  0%| F|  |TAMS 0x000000009d700000, 0x000000009d700000| Untracked 
| 472|0x000000009d800000, 0x000000009d800000, 0x000000009d900000|  0%| F|  |TAMS 0x000000009d800000, 0x000000009d800000| Untracked 
| 473|0x000000009d900000, 0x000000009d900000, 0x000000009da00000|  0%| F|  |TAMS 0x000000009d900000, 0x000000009d900000| Untracked 
| 474|0x000000009da00000, 0x000000009da00000, 0x000000009db00000|  0%| F|  |TAMS 0x000000009da00000, 0x000000009da00000| Untracked 
| 475|0x000000009db00000, 0x000000009db00000, 0x000000009dc00000|  0%| F|  |TAMS 0x000000009db00000, 0x000000009db00000| Untracked 
| 476|0x000000009dc00000, 0x000000009dc00000, 0x000000009dd00000|  0%| F|  |TAMS 0x000000009dc00000, 0x000000009dc00000| Untracked 
| 477|0x000000009dd00000, 0x000000009dd00000, 0x000000009de00000|  0%| F|  |TAMS 0x000000009dd00000, 0x000000009dd00000| Untracked 
| 478|0x000000009de00000, 0x000000009de00000, 0x000000009df00000|  0%| F|  |TAMS 0x000000009de00000, 0x000000009de00000| Untracked 
| 479|0x000000009df00000, 0x000000009df00000, 0x000000009e000000|  0%| F|  |TAMS 0x000000009df00000, 0x000000009df00000| Untracked 
| 480|0x000000009e000000, 0x000000009e000000, 0x000000009e100000|  0%| F|  |TAMS 0x000000009e000000, 0x000000009e000000| Untracked 
| 481|0x000000009e100000, 0x000000009e100000, 0x000000009e200000|  0%| F|  |TAMS 0x000000009e100000, 0x000000009e100000| Untracked 
| 482|0x000000009e200000, 0x000000009e200000, 0x000000009e300000|  0%| F|  |TAMS 0x000000009e200000, 0x000000009e200000| Untracked 
| 483|0x000000009e300000, 0x000000009e300000, 0x000000009e400000|  0%| F|  |TAMS 0x000000009e300000, 0x000000009e300000| Untracked 
| 484|0x000000009e400000, 0x000000009e400000, 0x000000009e500000|  0%| F|  |TAMS 0x000000009e400000, 0x000000009e400000| Untracked 
| 485|0x000000009e500000, 0x000000009e500000, 0x000000009e600000|  0%| F|  |TAMS 0x000000009e500000, 0x000000009e500000| Untracked 
| 486|0x000000009e600000, 0x000000009e600000, 0x000000009e700000|  0%| F|  |TAMS 0x000000009e600000, 0x000000009e600000| Untracked 
| 487|0x000000009e700000, 0x000000009e700000, 0x000000009e800000|  0%| F|  |TAMS 0x000000009e700000, 0x000000009e700000| Untracked 
| 488|0x000000009e800000, 0x000000009e800000, 0x000000009e900000|  0%| F|  |TAMS 0x000000009e800000, 0x000000009e800000| Untracked 
| 489|0x000000009e900000, 0x000000009e900000, 0x000000009ea00000|  0%| F|  |TAMS 0x000000009e900000, 0x000000009e900000| Untracked 

Card table byte_map: [0x000002335b8f0000,0x000002335bcf0000] _byte_map_base: 0x000002335b4f0000

Marking Bits (Prev, Next): (CMBitMap*) 0x00000233449fbfe0, (CMBitMap*) 0x00000233449fc020
 Prev Bits: [0x000002335c0f0000, 0x000002335e0f0000)
 Next Bits: [0x000002335e0f0000, 0x00000233600f0000)

Polling page: 0x0000023342800000

Metaspace:

Usage:
  Non-class:    124.59 MB used.
      Class:     18.92 MB used.
       Both:    143.51 MB used.

Virtual space:
  Non-class space:      128.00 MB reserved,     125.69 MB ( 98%) committed,  2 nodes.
      Class space:      416.00 MB reserved,      19.94 MB (  5%) committed,  1 nodes.
             Both:      544.00 MB reserved,     145.62 MB ( 27%) committed. 

Chunk freelists:
   Non-Class:  1.40 MB
       Class:  11.95 MB
        Both:  13.35 MB

MaxMetaspaceSize: 512.00 MB
CompressedClassSpaceSize: 416.00 MB
Initial GC threshold: 21.00 MB
Current GC threshold: 241.06 MB
CDS: on
MetaspaceReclaimPolicy: balanced
 - commit_granule_bytes: 65536.
 - commit_granule_words: 8192.
 - virtual_space_node_default_size: 8388608.
 - enlarge_chunks_in_place: 1.
 - new_chunks_are_fully_committed: 0.
 - uncommit_free_chunks: 1.
 - use_allocation_guard: 0.
 - handle_deallocations: 1.


Internal statistics:

num_allocs_failed_limit: 12.
num_arena_births: 3694.
num_arena_deaths: 0.
num_vsnodes_births: 3.
num_vsnodes_deaths: 0.
num_space_committed: 2327.
num_space_uncommitted: 0.
num_chunks_returned_to_freelist: 12.
num_chunks_taken_from_freelist: 10657.
num_chunk_merges: 9.
num_chunk_splits: 6529.
num_chunks_enlarged: 3649.
num_inconsistent_stats: 0.

CodeHeap 'non-profiled nmethods': size=120000Kb used=18311Kb max_used=18311Kb free=101688Kb
 bounds [0x0000023353fc0000, 0x00000233551b0000, 0x000002335b4f0000]
CodeHeap 'profiled nmethods': size=120000Kb used=44515Kb max_used=44515Kb free=75484Kb
 bounds [0x000002334c4f0000, 0x000002334f070000, 0x0000023353a20000]
CodeHeap 'non-nmethods': size=5760Kb used=1880Kb max_used=2003Kb free=3879Kb
 bounds [0x0000023353a20000, 0x0000023353c90000, 0x0000023353fc0000]
 total_blobs=23782 nmethods=22783 adapters=909
 compilation: enabled
              stopped_count=0, restarted_count=0
 full_count=0

Compilation events (20 events):
Event: 1656.761 Thread 0x00000233623fae60 nmethod 27938 0x000002335519c910 code [0x000002335519cc20, 0x000002335519e3c0]
Event: 1656.762 Thread 0x00000233623fae60 27952       4       org.gradle.api.internal.artifacts.transform.TransformStep$$Lambda$978/0x00000233646ec000::apply (20 bytes)
Event: 1656.770 Thread 0x00000233626486a0 27959       3       org.gradle.internal.operations.DefaultBuildOperationQueue::<init> (88 bytes)
Event: 1656.771 Thread 0x00000233626486a0 nmethod 27959 0x000002334f061c90 code [0x000002334f061f40, 0x000002334f0631b8]
Event: 1656.775 Thread 0x00000233626486a0 27960       3       org.gradle.api.internal.artifacts.ivyservice.resolveengine.artifact.ParallelResolveArtifactSet$VisitingSet$StartVisitAction::execute (9 bytes)
Event: 1656.775 Thread 0x00000233626486a0 nmethod 27960 0x000002334f063690 code [0x000002334f063860, 0x000002334f063c28]
Event: 1656.776 Thread 0x00000233626486a0 27961       3       org.gradle.api.internal.artifacts.ivyservice.resolveengine.artifact.ParallelResolveArtifactSet$VisitingSet$StartVisitAction::execute (19 bytes)
Event: 1656.776 Thread 0x00000233626486a0 nmethod 27961 0x000002334f063d90 code [0x000002334f063f40, 0x000002334f064188]
Event: 1656.776 Thread 0x00000233626486a0 27962   !   3       org.gradle.internal.operations.DefaultBuildOperationQueue::signalNoMoreWork (64 bytes)
Event: 1656.777 Thread 0x00000233626486a0 nmethod 27962 0x000002334f064290 code [0x000002334f064540, 0x000002334f0652d8]
Event: 1656.777 Thread 0x00000233626486a0 27963   !   3       org.gradle.internal.operations.DefaultBuildOperationQueue::waitForWorkToComplete (62 bytes)
Event: 1656.779 Thread 0x00000233626486a0 nmethod 27963 0x000002334f065890 code [0x000002334f065bc0, 0x000002334f067068]
Event: 1656.779 Thread 0x00000233626486a0 27964       3       org.gradle.internal.operations.DefaultBuildOperationQueue::markFinished (34 bytes)
Event: 1656.780 Thread 0x00000233626486a0 nmethod 27964 0x000002334f067810 code [0x000002334f0679e0, 0x000002334f067dc8]
Event: 1656.804 Thread 0x00000233626486a0 27965       3       org.gradle.internal.snapshot.impl.JavaSerializedValueSnapshot::<init> (15 bytes)
Event: 1656.805 Thread 0x00000233626486a0 nmethod 27965 0x000002334f067f10 code [0x000002334f0680c0, 0x000002334f0682d8]
Event: 1656.805 Thread 0x00000233623fae60 nmethod 27952 0x000002335519f810 code [0x000002335519fac0, 0x00000233551a0cf0]
Event: 1656.805 Thread 0x00000233623fae60 27953       4       org.gradle.api.internal.artifacts.transform.TransformStep::lambda$createInvocation$2 (93 bytes)
Event: 1656.813 Thread 0x00000233626486a0 27966       3       org.gradle.api.internal.tasks.execution.TaskExecution::getTypeValidationContext (25 bytes)
Event: 1656.813 Thread 0x00000233626486a0 nmethod 27966 0x000002334f068390 code [0x000002334f0685a0, 0x000002334f068d08]

GC Heap History (20 events):
Event: 99.863 GC heap after
{Heap after GC invocations=75 (full 0):
 garbage-first heap   total 363520K, used 296346K [0x0000000080000000, 0x0000000100000000)
  region size 1024K, 1 young (1024K), 1 survivors (1024K)
 Metaspace       used 136471K, committed 138048K, reserved 557056K
  class space    used 18299K, committed 19072K, reserved 425984K
}
Event: 99.865 GC heap before
{Heap before GC invocations=75 (full 0):
 garbage-first heap   total 363520K, used 298394K [0x0000000080000000, 0x0000000100000000)
  region size 1024K, 2 young (2048K), 1 survivors (1024K)
 Metaspace       used 136471K, committed 138048K, reserved 557056K
  class space    used 18299K, committed 19072K, reserved 425984K
}
Event: 99.868 GC heap after
{Heap after GC invocations=76 (full 0):
 garbage-first heap   total 363520K, used 295934K [0x0000000080000000, 0x0000000100000000)
  region size 1024K, 1 young (1024K), 1 survivors (1024K)
 Metaspace       used 136471K, committed 138048K, reserved 557056K
  class space    used 18299K, committed 19072K, reserved 425984K
}
Event: 100.357 GC heap before
{Heap before GC invocations=76 (full 0):
 garbage-first heap   total 500736K, used 499710K [0x0000000080000000, 0x0000000100000000)
  region size 1024K, 3 young (3072K), 1 survivors (1024K)
 Metaspace       used 136640K, committed 138240K, reserved 557056K
  class space    used 18327K, committed 19136K, reserved 425984K
}
Event: 100.363 GC heap after
{Heap after GC invocations=77 (full 0):
 garbage-first heap   total 501760K, used 285637K [0x0000000080000000, 0x0000000100000000)
  region size 1024K, 1 young (1024K), 1 survivors (1024K)
 Metaspace       used 136640K, committed 138240K, reserved 557056K
  class space    used 18327K, committed 19136K, reserved 425984K
}
Event: 728.869 GC heap before
{Heap before GC invocations=78 (full 0):
 garbage-first heap   total 501760K, used 405445K [0x0000000080000000, 0x0000000100000000)
  region size 1024K, 144 young (147456K), 1 survivors (1024K)
 Metaspace       used 143885K, committed 145600K, reserved 557056K
  class space    used 19089K, committed 19904K, reserved 425984K
}
Event: 728.881 GC heap after
{Heap after GC invocations=79 (full 0):
 garbage-first heap   total 501760K, used 263939K [0x0000000080000000, 0x0000000100000000)
  region size 1024K, 4 young (4096K), 4 survivors (4096K)
 Metaspace       used 143885K, committed 145600K, reserved 557056K
  class space    used 19089K, committed 19904K, reserved 425984K
}
Event: 729.654 GC heap before
{Heap before GC invocations=79 (full 0):
 garbage-first heap   total 501760K, used 284419K [0x0000000080000000, 0x0000000100000000)
  region size 1024K, 24 young (24576K), 4 survivors (4096K)
 Metaspace       used 144328K, committed 146176K, reserved 557056K
  class space    used 19160K, committed 20032K, reserved 425984K
}
Event: 729.671 GC heap after
{Heap after GC invocations=80 (full 0):
 garbage-first heap   total 501760K, used 242053K [0x0000000080000000, 0x0000000100000000)
  region size 1024K, 3 young (3072K), 3 survivors (3072K)
 Metaspace       used 144328K, committed 146176K, reserved 557056K
  class space    used 19160K, committed 20032K, reserved 425984K
}
Event: 734.406 GC heap before
{Heap before GC invocations=80 (full 0):
 garbage-first heap   total 501760K, used 427397K [0x0000000080000000, 0x0000000100000000)
  region size 1024K, 185 young (189440K), 3 survivors (3072K)
 Metaspace       used 145129K, committed 147072K, reserved 557056K
  class space    used 19207K, committed 20096K, reserved 425984K
}
Event: 734.446 GC heap after
{Heap after GC invocations=81 (full 0):
 garbage-first heap   total 501760K, used 267152K [0x0000000080000000, 0x0000000100000000)
  region size 1024K, 24 young (24576K), 24 survivors (24576K)
 Metaspace       used 145129K, committed 147072K, reserved 557056K
  class space    used 19207K, committed 20096K, reserved 425984K
}
Event: 771.838 GC heap before
{Heap before GC invocations=81 (full 0):
 garbage-first heap   total 501760K, used 415632K [0x0000000080000000, 0x0000000100000000)
  region size 1024K, 170 young (174080K), 24 survivors (24576K)
 Metaspace       used 146057K, committed 148096K, reserved 557056K
  class space    used 19305K, committed 20288K, reserved 425984K
}
Event: 771.886 GC heap after
{Heap after GC invocations=82 (full 0):
 garbage-first heap   total 501760K, used 277518K [0x0000000080000000, 0x0000000100000000)
  region size 1024K, 11 young (11264K), 11 survivors (11264K)
 Metaspace       used 146057K, committed 148096K, reserved 557056K
  class space    used 19305K, committed 20288K, reserved 425984K
}
Event: 1653.031 GC heap before
{Heap before GC invocations=83 (full 0):
 garbage-first heap   total 501760K, used 417806K [0x0000000080000000, 0x0000000100000000)
  region size 1024K, 149 young (152576K), 11 survivors (11264K)
 Metaspace       used 146485K, committed 148608K, reserved 557056K
  class space    used 19337K, committed 20352K, reserved 425984K
}
Event: 1653.064 GC heap after
{Heap after GC invocations=84 (full 0):
 garbage-first heap   total 501760K, used 290304K [0x0000000080000000, 0x0000000100000000)
  region size 1024K, 12 young (12288K), 12 survivors (12288K)
 Metaspace       used 146485K, committed 148608K, reserved 557056K
  class space    used 19337K, committed 20352K, reserved 425984K
}
Event: 1653.356 GC heap before
{Heap before GC invocations=84 (full 0):
 garbage-first heap   total 501760K, used 302592K [0x0000000080000000, 0x0000000100000000)
  region size 1024K, 24 young (24576K), 12 survivors (12288K)
 Metaspace       used 146525K, committed 148672K, reserved 557056K
  class space    used 19337K, committed 20352K, reserved 425984K
}
Event: 1653.414 GC heap after
{Heap after GC invocations=85 (full 0):
 garbage-first heap   total 501760K, used 258048K [0x0000000080000000, 0x0000000100000000)
  region size 1024K, 3 young (3072K), 3 survivors (3072K)
 Metaspace       used 146525K, committed 148672K, reserved 557056K
  class space    used 19337K, committed 20352K, reserved 425984K
}
Event: 1653.811 GC heap before
{Heap before GC invocations=85 (full 0):
 garbage-first heap   total 501760K, used 278528K [0x0000000080000000, 0x0000000100000000)
  region size 1024K, 24 young (24576K), 3 survivors (3072K)
 Metaspace       used 146540K, committed 148672K, reserved 557056K
  class space    used 19338K, committed 20352K, reserved 425984K
}
Event: 1653.864 GC heap after
{Heap after GC invocations=86 (full 0):
 garbage-first heap   total 501760K, used 250880K [0x0000000080000000, 0x0000000100000000)
  region size 1024K, 3 young (3072K), 3 survivors (3072K)
 Metaspace       used 146540K, committed 148672K, reserved 557056K
  class space    used 19338K, committed 20352K, reserved 425984K
}
Event: 1656.829 GC heap before
{Heap before GC invocations=86 (full 0):
 garbage-first heap   total 501760K, used 409600K [0x0000000080000000, 0x0000000100000000)
  region size 1024K, 159 young (162816K), 3 survivors (3072K)
 Metaspace       used 146952K, committed 149120K, reserved 557056K
  class space    used 19375K, committed 20416K, reserved 425984K
}

Dll operation events (15 events):
Event: 0.031 Loaded shared library C:\Program Files\Microsoft\jdk-17.0.16.8-hotspot\bin\java.dll
Event: 0.060 Loaded shared library C:\Program Files\Microsoft\jdk-17.0.16.8-hotspot\bin\jsvml.dll
Event: 0.196 Loaded shared library C:\Program Files\Microsoft\jdk-17.0.16.8-hotspot\bin\zip.dll
Event: 0.204 Loaded shared library C:\Program Files\Microsoft\jdk-17.0.16.8-hotspot\bin\instrument.dll
Event: 0.211 Loaded shared library C:\Program Files\Microsoft\jdk-17.0.16.8-hotspot\bin\net.dll
Event: 0.214 Loaded shared library C:\Program Files\Microsoft\jdk-17.0.16.8-hotspot\bin\nio.dll
Event: 0.219 Loaded shared library C:\Program Files\Microsoft\jdk-17.0.16.8-hotspot\bin\zip.dll
Event: 0.945 Loaded shared library C:\Program Files\Microsoft\jdk-17.0.16.8-hotspot\bin\jimage.dll
Event: 1.348 Loaded shared library C:\Program Files\Microsoft\jdk-17.0.16.8-hotspot\bin\verify.dll
Event: 1.389 Loaded shared library C:\Users\User13\.gradle\native\1def1411415f61bf3af743bc5b6707747c0891f09f0c88961ee8f79bc544acac\windows-amd64\native-platform.dll
Event: 13.183 Loaded shared library C:\Users\User13\.gradle\native\0.2.8\x86_64-windows-gnu\gradle-fileevents.dll
Event: 18.693 Loaded shared library C:\Program Files\Microsoft\jdk-17.0.16.8-hotspot\bin\management.dll
Event: 18.696 Loaded shared library C:\Program Files\Microsoft\jdk-17.0.16.8-hotspot\bin\management_ext.dll
Event: 19.193 Loaded shared library C:\Program Files\Microsoft\jdk-17.0.16.8-hotspot\bin\extnet.dll
Event: 19.649 Loaded shared library C:\Program Files\Microsoft\jdk-17.0.16.8-hotspot\bin\sunmscapi.dll

Deoptimization events (20 events):
Event: 1655.305 Thread 0x000002330f997900 DEOPT PACKING pc=0x00000233551359c8 sp=0x000000c6706fa2c0
Event: 1655.305 Thread 0x000002330f997900 DEOPT UNPACKING pc=0x0000023353a769a3 sp=0x000000c6706fa080 mode 2
Event: 1655.305 Thread 0x000002330f997900 Uncommon trap: trap_request=0xffffffbe fr.pc=0x00000233551359c8 relative=0x00000000000012e8
Event: 1655.305 Thread 0x000002330f997900 Uncommon trap: reason=profile_predicate action=maybe_recompile pc=0x00000233551359c8 method=com.google.common.base.CharMatcher.indexIn(Ljava/lang/CharSequence;I)I @ 19 c2
Event: 1655.305 Thread 0x000002330f997900 DEOPT PACKING pc=0x00000233551359c8 sp=0x000000c6706fa2c0
Event: 1655.305 Thread 0x000002330f997900 DEOPT UNPACKING pc=0x0000023353a769a3 sp=0x000000c6706fa080 mode 2
Event: 1655.325 Thread 0x000002330f997900 Uncommon trap: trap_request=0xfffffff4 fr.pc=0x0000023355119f24 relative=0x0000000000000324
Event: 1655.325 Thread 0x000002330f997900 Uncommon trap: reason=null_check action=make_not_entrant pc=0x0000023355119f24 method=com.google.gson.internal.Excluder.isStatic(Ljava/lang/Class;)Z @ 1 c2
Event: 1655.325 Thread 0x000002330f997900 DEOPT PACKING pc=0x0000023355119f24 sp=0x000000c6706f8e60
Event: 1655.325 Thread 0x000002330f997900 DEOPT UNPACKING pc=0x0000023353a769a3 sp=0x000000c6706f8db8 mode 2
Event: 1656.244 Thread 0x000002330f997900 DEOPT PACKING pc=0x000002334ea1580a sp=0x000000c6706f9370
Event: 1656.244 Thread 0x000002330f997900 DEOPT UNPACKING pc=0x0000023353a77143 sp=0x000000c6706f88e8 mode 0
Event: 1656.288 Thread 0x000002330f997900 DEOPT PACKING pc=0x000002334e046f08 sp=0x000000c6706fa080
Event: 1656.288 Thread 0x000002330f997900 DEOPT UNPACKING pc=0x0000023353a77143 sp=0x000000c6706f9578 mode 0
Event: 1656.315 Thread 0x000002330f997900 DEOPT PACKING pc=0x000002334e046f08 sp=0x000000c6706fa060
Event: 1656.315 Thread 0x000002330f997900 DEOPT UNPACKING pc=0x0000023353a77143 sp=0x000000c6706f9558 mode 0
Event: 1656.584 Thread 0x000002331115bdf0 Uncommon trap: trap_request=0xffffffde fr.pc=0x00000233545915f0 relative=0x00000000000010b0
Event: 1656.584 Thread 0x000002331115bdf0 Uncommon trap: reason=class_check action=maybe_recompile pc=0x00000233545915f0 method=com.google.common.collect.ImmutableMultimap$Builder.put(Ljava/lang/Object;Ljava/lang/Object;)Lcom/google/common/collect/ImmutableMultimap$Builder; @ 15 c2
Event: 1656.584 Thread 0x000002331115bdf0 DEOPT PACKING pc=0x00000233545915f0 sp=0x000000c672bfd110
Event: 1656.584 Thread 0x000002331115bdf0 DEOPT UNPACKING pc=0x0000023353a769a3 sp=0x000000c672bfd090 mode 2

Classes loaded (20 events):
Event: 102.214 Loading class sun/net/ConnectionResetException
Event: 102.214 Loading class sun/net/ConnectionResetException done
Event: 112.993 Loading class java/util/regex/Pattern$1
Event: 112.993 Loading class java/util/regex/Pattern$1 done
Event: 113.332 Loading class sun/nio/fs/WindowsSecurity$Privilege
Event: 113.332 Loading class sun/nio/fs/WindowsSecurity$Privilege done
Event: 113.660 Loading class java/util/Locale$1
Event: 113.661 Loading class java/util/Locale$1 done
Event: 113.671 Loading class java/util/concurrent/CompletableFuture$AsyncRun
Event: 113.672 Loading class java/util/concurrent/CompletableFuture$AsyncRun done
Event: 728.224 Loading class jdk/internal/math/FormattedFloatingDecimal$Form
Event: 728.225 Loading class jdk/internal/math/FormattedFloatingDecimal$Form done
Event: 728.225 Loading class jdk/internal/math/FormattedFloatingDecimal
Event: 728.225 Loading class jdk/internal/math/FormattedFloatingDecimal done
Event: 728.226 Loading class jdk/internal/math/FormattedFloatingDecimal$1
Event: 728.226 Loading class jdk/internal/math/FormattedFloatingDecimal$1 done
Event: 728.226 Loading class jdk/internal/math/FormattedFloatingDecimal$2
Event: 728.226 Loading class jdk/internal/math/FormattedFloatingDecimal$2 done
Event: 1653.276 Loading class java/lang/invoke/MethodHandleImpl$CountingWrapper$1
Event: 1653.276 Loading class java/lang/invoke/MethodHandleImpl$CountingWrapper$1 done

Classes unloaded (0 events):
No events

Classes redefined (0 events):
No events

Internal exceptions (20 events):
Event: 1651.771 Thread 0x000002331115b3d0 Exception <a 'sun/nio/fs/WindowsException'{0x0000000099076a68}> (0x0000000099076a68) 
thrown [s\src\hotspot\share\prims\jni.cpp, line 516]
Event: 1652.201 Thread 0x000002331115a9b0 Exception <a 'sun/nio/fs/WindowsException'{0x0000000097fcd7e8}> (0x0000000097fcd7e8) 
thrown [s\src\hotspot\share\prims\jni.cpp, line 516]
Event: 1652.202 Thread 0x000002331115a9b0 Exception <a 'sun/nio/fs/WindowsException'{0x0000000097fcfb18}> (0x0000000097fcfb18) 
thrown [s\src\hotspot\share\prims\jni.cpp, line 516]
Event: 1652.202 Thread 0x000002331115a9b0 Exception <a 'sun/nio/fs/WindowsException'{0x0000000097fd1d88}> (0x0000000097fd1d88) 
thrown [s\src\hotspot\share\prims\jni.cpp, line 516]
Event: 1652.202 Thread 0x000002331115a9b0 Exception <a 'sun/nio/fs/WindowsException'{0x0000000097fd3c90}> (0x0000000097fd3c90) 
thrown [s\src\hotspot\share\prims\jni.cpp, line 516]
Event: 1652.917 Thread 0x000002330f997900 Implicit null exception at 0x0000023354f8cbb7 to 0x0000023354f8ce04
Event: 1655.314 Thread 0x000002330f997900 Exception <a 'sun/nio/fs/WindowsException'{0x0000000099fd0fe0}> (0x0000000099fd0fe0) 
thrown [s\src\hotspot\share\prims\jni.cpp, line 516]
Event: 1655.314 Thread 0x000002330f997900 Exception <a 'sun/nio/fs/WindowsException'{0x0000000099fd2500}> (0x0000000099fd2500) 
thrown [s\src\hotspot\share\prims\jni.cpp, line 516]
Event: 1655.314 Thread 0x000002330f997900 Exception <a 'sun/nio/fs/WindowsException'{0x0000000099fd3a70}> (0x0000000099fd3a70) 
thrown [s\src\hotspot\share\prims\jni.cpp, line 516]
Event: 1655.314 Thread 0x000002330f997900 Exception <a 'sun/nio/fs/WindowsException'{0x0000000099fd4fe0}> (0x0000000099fd4fe0) 
thrown [s\src\hotspot\share\prims\jni.cpp, line 516]
Event: 1655.325 Thread 0x000002330f997900 Implicit null exception at 0x0000023355119c6b to 0x0000023355119f12
Event: 1655.920 Thread 0x000002330f997900 Exception <a 'sun/nio/fs/WindowsException'{0x000000009820d9d8}> (0x000000009820d9d8) 
thrown [s\src\hotspot\share\prims\jni.cpp, line 516]
Event: 1655.920 Thread 0x000002330f997900 Exception <a 'sun/nio/fs/WindowsException'{0x000000009820eef8}> (0x000000009820eef8) 
thrown [s\src\hotspot\share\prims\jni.cpp, line 516]
Event: 1655.921 Thread 0x000002330f997900 Exception <a 'sun/nio/fs/WindowsException'{0x0000000098210468}> (0x0000000098210468) 
thrown [s\src\hotspot\share\prims\jni.cpp, line 516]
Event: 1655.921 Thread 0x000002330f997900 Exception <a 'sun/nio/fs/WindowsException'{0x00000000982119d8}> (0x00000000982119d8) 
thrown [s\src\hotspot\share\prims\jni.cpp, line 516]
Event: 1656.390 Thread 0x000002330f997900 Exception <a 'sun/nio/fs/WindowsException'{0x0000000096229310}> (0x0000000096229310) 
thrown [s\src\hotspot\share\prims\jni.cpp, line 516]
Event: 1656.527 Thread 0x000002331115a9b0 Exception <a 'sun/nio/fs/WindowsException'{0x0000000095a1fdf0}> (0x0000000095a1fdf0) 
thrown [s\src\hotspot\share\prims\jni.cpp, line 516]
Event: 1656.543 Thread 0x000002331115bdf0 Exception <a 'sun/nio/fs/WindowsException'{0x0000000095ab4a90}> (0x0000000095ab4a90) 
thrown [s\src\hotspot\share\prims\jni.cpp, line 516]
Event: 1656.552 Thread 0x000002331115bdf0 Exception <a 'sun/nio/fs/WindowsException'{0x000000009592ed38}> (0x000000009592ed38) 
thrown [s\src\hotspot\share\prims\jni.cpp, line 516]
Event: 1656.566 Thread 0x000002331115b3d0 Exception <a 'sun/nio/fs/WindowsException'{0x00000000959ae720}> (0x00000000959ae720) 
thrown [s\src\hotspot\share\prims\jni.cpp, line 516]

VM Operations (20 events):
Event: 1651.002 Executing VM operation: Cleanup done
Event: 1651.613 Executing VM operation: ICBufferFull
Event: 1651.614 Executing VM operation: ICBufferFull done
Event: 1651.644 Executing VM operation: HandshakeAllThreads
Event: 1651.644 Executing VM operation: HandshakeAllThreads done
Event: 1652.643 Executing VM operation: Cleanup
Event: 1652.643 Executing VM operation: Cleanup done
Event: 1653.031 Executing VM operation: G1CollectForAllocation
Event: 1653.064 Executing VM operation: G1CollectForAllocation done
Event: 1653.356 Executing VM operation: G1CollectForAllocation
Event: 1653.414 Executing VM operation: G1CollectForAllocation done
Event: 1653.810 Executing VM operation: G1CollectForAllocation
Event: 1653.864 Executing VM operation: G1CollectForAllocation done
Event: 1654.864 Executing VM operation: Cleanup
Event: 1654.864 Executing VM operation: Cleanup done
Event: 1655.874 Executing VM operation: Cleanup
Event: 1655.875 Executing VM operation: Cleanup done
Event: 1656.477 Executing VM operation: ICBufferFull
Event: 1656.477 Executing VM operation: ICBufferFull done
Event: 1656.829 Executing VM operation: G1CollectForAllocation

Memory protections (0 events):
No events

Nmethod flushes (20 events):
Event: 731.761 Thread 0x0000023362652970 flushing  nmethod 0x000002334e9fb510
Event: 731.761 Thread 0x0000023362652970 flushing osr nmethod 0x000002334ea1d390
Event: 1651.663 Thread 0x0000023362652970 flushing  nmethod 0x000002334cd59110
Event: 1651.663 Thread 0x0000023362652970 flushing  nmethod 0x000002334cde0510
Event: 1651.664 Thread 0x0000023362652970 flushing  nmethod 0x000002334ce59910
Event: 1651.667 Thread 0x0000023362652970 flushing  nmethod 0x000002334d1e9190
Event: 1651.668 Thread 0x0000023362652970 flushing  nmethod 0x000002334d246c10
Event: 1651.669 Thread 0x0000023362652970 flushing  nmethod 0x000002334d3f5510
Event: 1651.670 Thread 0x0000023362652970 flushing  nmethod 0x000002334d548490
Event: 1651.675 Thread 0x0000023362652970 flushing  nmethod 0x000002334da91d10
Event: 1651.675 Thread 0x0000023362652970 flushing  nmethod 0x000002334da92110
Event: 1651.675 Thread 0x0000023362652970 flushing  nmethod 0x000002334daa0d10
Event: 1651.675 Thread 0x0000023362652970 flushing  nmethod 0x000002334daa1110
Event: 1651.675 Thread 0x0000023362652970 flushing  nmethod 0x000002334daf2810
Event: 1651.675 Thread 0x0000023362652970 flushing  nmethod 0x000002334db15e90
Event: 1651.675 Thread 0x0000023362652970 flushing  nmethod 0x000002334db22690
Event: 1651.676 Thread 0x0000023362652970 flushing  nmethod 0x000002334db38990
Event: 1651.676 Thread 0x0000023362652970 flushing  nmethod 0x000002334db3aa10
Event: 1651.676 Thread 0x0000023362652970 flushing  nmethod 0x000002334db41190
Event: 1651.676 Thread 0x0000023362652970 flushing  nmethod 0x000002334db5d590

Events (20 events):
Event: 1652.178 Thread 0x000002331115a9b0 Thread added: 0x00000233084c78a0
Event: 1652.213 Thread 0x000002330f997900 Thread added: 0x00000233084c7db0
Event: 1652.213 Thread 0x000002330f997900 Thread added: 0x00000233084c5530
Event: 1652.213 Thread 0x000002330f997900 Thread added: 0x000002330f21a3d0
Event: 1652.260 Thread 0x000002330f997900 Thread added: 0x000002330f218060
Event: 1652.261 Thread 0x000002330f997900 Thread added: 0x000002330f218f90
Event: 1652.261 Thread 0x000002330f997900 Thread added: 0x000002330f21adf0
Event: 1652.377 Thread 0x000002330f997900 Thread added: 0x000002330f2194a0
Event: 1652.437 Thread 0x000002330f997900 Thread added: 0x000002330f218a80
Event: 1653.773 Thread 0x000002330f997900 Thread added: 0x000002330f2199b0
Event: 1653.773 Thread 0x000002330f997900 Thread added: 0x000002330f219ec0
Event: 1653.773 Thread 0x000002330f997900 Thread added: 0x000002330f21a8e0
Event: 1653.800 Thread 0x000002330f997900 Thread added: 0x0000023310898ec0
Event: 1653.801 Thread 0x000002330f997900 Thread added: 0x00000233108998e0
Event: 1653.802 Thread 0x000002330f997900 Thread added: 0x000002331089a300
Event: 1654.464 Thread 0x000002330f997900 Thread added: 0x00000233078a74a0
Event: 1654.465 Thread 0x000002330f997900 Thread added: 0x00000233078a9810
Event: 1656.393 Thread 0x000002330f997900 Thread added: 0x00000233078a7ec0
Event: 1656.393 Thread 0x000002330f997900 Thread added: 0x000002330f21b300
Event: 1656.398 Thread 0x000002331115a9b0 Thread added: 0x000002330f21b810


Dynamic libraries:
0x00007ff718990000 - 0x00007ff71899e000 	C:\Program Files\Microsoft\jdk-17.0.16.8-hotspot\bin\java.exe
0x00007fff19ba0000 - 0x00007fff19e08000 	C:\WINDOWS\SYSTEM32\ntdll.dll
0x00007fff18ac0000 - 0x00007fff18b89000 	C:\WINDOWS\System32\KERNEL32.DLL
0x00007fff16ed0000 - 0x00007fff172c8000 	C:\WINDOWS\System32\KERNELBASE.dll
0x00007fff16cf0000 - 0x00007fff16e3b000 	C:\WINDOWS\System32\ucrtbase.dll
0x00007ffef9200000 - 0x00007ffef921e000 	C:\Program Files\Microsoft\jdk-17.0.16.8-hotspot\bin\VCRUNTIME140.dll
0x00007fff031f0000 - 0x00007fff03208000 	C:\Program Files\Microsoft\jdk-17.0.16.8-hotspot\bin\jli.dll
0x00007fff194a0000 - 0x00007fff19667000 	C:\WINDOWS\System32\USER32.dll
0x00007fff176f0000 - 0x00007fff17717000 	C:\WINDOWS\System32\win32u.dll
0x00007fff188a0000 - 0x00007fff188cb000 	C:\WINDOWS\System32\GDI32.dll
0x00007fff17380000 - 0x00007fff174ac000 	C:\WINDOWS\System32\gdi32full.dll
0x00007fff172d0000 - 0x00007fff17373000 	C:\WINDOWS\System32\msvcp_win.dll
0x00007fff07cf0000 - 0x00007fff07f84000 	C:\WINDOWS\WinSxS\amd64_microsoft.windows.common-controls_6595b64144ccf1df_6.0.26100.7019_none_3e06ffa0e335b8a8\COMCTL32.dll
0x00007fff18a10000 - 0x00007fff18ab9000 	C:\WINDOWS\System32\msvcrt.dll
0x00007fff18950000 - 0x00007fff18981000 	C:\WINDOWS\System32\IMM32.DLL
0x00007fff0b5d0000 - 0x00007fff0b5dc000 	C:\Program Files\Microsoft\jdk-17.0.16.8-hotspot\bin\vcruntime140_1.dll
0x00007ffeed100000 - 0x00007ffeed189000 	C:\Program Files\Microsoft\jdk-17.0.16.8-hotspot\bin\msvcp140.dll
0x00007ffeb2d50000 - 0x00007ffeb39ca000 	C:\Program Files\Microsoft\jdk-17.0.16.8-hotspot\bin\server\jvm.dll
0x00007fff186f0000 - 0x00007fff187a4000 	C:\WINDOWS\System32\ADVAPI32.dll
0x00007fff193f0000 - 0x00007fff19496000 	C:\WINDOWS\System32\sechost.dll
0x00007fff17e70000 - 0x00007fff17f88000 	C:\WINDOWS\System32\RPCRT4.dll
0x00007fff18c50000 - 0x00007fff18cc4000 	C:\WINDOWS\System32\WS2_32.dll
0x00007fff16b70000 - 0x00007fff16bce000 	C:\WINDOWS\SYSTEM32\POWRPROF.dll
0x00007fff0ea00000 - 0x00007fff0ea35000 	C:\WINDOWS\SYSTEM32\WINMM.dll
0x00007fff0ee30000 - 0x00007fff0ee3b000 	C:\WINDOWS\SYSTEM32\VERSION.dll
0x00007fff16b50000 - 0x00007fff16b64000 	C:\WINDOWS\SYSTEM32\UMPDC.dll
0x00007fff15ab0000 - 0x00007fff15acb000 	C:\WINDOWS\SYSTEM32\kernel.appcore.dll
0x00007fff0b190000 - 0x00007fff0b19a000 	C:\Program Files\Microsoft\jdk-17.0.16.8-hotspot\bin\jimage.dll
0x00007fff0b320000 - 0x00007fff0b562000 	C:\WINDOWS\SYSTEM32\DBGHELP.DLL
0x00007fff17ae0000 - 0x00007fff17e6b000 	C:\WINDOWS\System32\combase.dll
0x00007fff187b0000 - 0x00007fff18887000 	C:\WINDOWS\System32\OLEAUT32.dll
0x00007fff02f30000 - 0x00007fff02f6c000 	C:\WINDOWS\SYSTEM32\dbgcore.DLL
0x00007fff17890000 - 0x00007fff17935000 	C:\WINDOWS\System32\bcryptPrimitives.dll
0x00007ffef04d0000 - 0x00007ffef04df000 	C:\Program Files\Microsoft\jdk-17.0.16.8-hotspot\bin\instrument.dll
0x00007ffef5330000 - 0x00007ffef5356000 	C:\Program Files\Microsoft\jdk-17.0.16.8-hotspot\bin\java.dll
0x00007ffecc810000 - 0x00007ffecc8e6000 	C:\Program Files\Microsoft\jdk-17.0.16.8-hotspot\bin\jsvml.dll
0x00007fff17f90000 - 0x00007fff186df000 	C:\WINDOWS\System32\SHELL32.dll
0x00007fff17720000 - 0x00007fff1788b000 	C:\WINDOWS\System32\wintypes.dll
0x00007fff14950000 - 0x00007fff151ad000 	C:\WINDOWS\SYSTEM32\windows.storage.dll
0x00007fff18cd0000 - 0x00007fff18dc2000 	C:\WINDOWS\System32\SHCORE.dll
0x00007fff188d0000 - 0x00007fff18937000 	C:\WINDOWS\System32\shlwapi.dll
0x00007fff16c10000 - 0x00007fff16c39000 	C:\WINDOWS\SYSTEM32\profapi.dll
0x00007ffef41c0000 - 0x00007ffef41d8000 	C:\Program Files\Microsoft\jdk-17.0.16.8-hotspot\bin\zip.dll
0x00007ffef5240000 - 0x00007ffef525b000 	C:\Program Files\Microsoft\jdk-17.0.16.8-hotspot\bin\net.dll
0x00007fff0c610000 - 0x00007fff0c738000 	C:\WINDOWS\SYSTEM32\WINHTTP.dll
0x00007fff16020000 - 0x00007fff1608b000 	C:\WINDOWS\system32\mswsock.dll
0x00007ffef5220000 - 0x00007ffef5236000 	C:\Program Files\Microsoft\jdk-17.0.16.8-hotspot\bin\nio.dll
0x00007ffef5320000 - 0x00007ffef5330000 	C:\Program Files\Microsoft\jdk-17.0.16.8-hotspot\bin\verify.dll
0x00007ffeefcc0000 - 0x00007ffeefce7000 	C:\Users\User13\.gradle\native\1def1411415f61bf3af743bc5b6707747c0891f09f0c88961ee8f79bc544acac\windows-amd64\native-platform.dll
0x00007ffece900000 - 0x00007ffece977000 	C:\Users\User13\.gradle\native\0.2.8\x86_64-windows-gnu\gradle-fileevents.dll
0x00007fff03180000 - 0x00007fff0318a000 	C:\Program Files\Microsoft\jdk-17.0.16.8-hotspot\bin\management.dll
0x00007ffef7090000 - 0x00007ffef709c000 	C:\Program Files\Microsoft\jdk-17.0.16.8-hotspot\bin\management_ext.dll
0x00007fff18dd0000 - 0x00007fff18dd8000 	C:\WINDOWS\System32\PSAPI.DLL
0x00007fff154c0000 - 0x00007fff154f4000 	C:\WINDOWS\SYSTEM32\IPHLPAPI.DLL
0x00007fff17940000 - 0x00007fff1794a000 	C:\WINDOWS\System32\NSI.dll
0x00007fff0c8b0000 - 0x00007fff0c8ce000 	C:\WINDOWS\SYSTEM32\dhcpcsvc6.DLL
0x00007fff0c880000 - 0x00007fff0c8a3000 	C:\WINDOWS\SYSTEM32\dhcpcsvc.DLL
0x00007fff155b0000 - 0x00007fff156dc000 	C:\WINDOWS\SYSTEM32\DNSAPI.dll
0x00007ffef3950000 - 0x00007ffef3959000 	C:\Program Files\Microsoft\jdk-17.0.16.8-hotspot\bin\extnet.dll
0x00007fff162f0000 - 0x00007fff1630b000 	C:\WINDOWS\SYSTEM32\CRYPTSP.dll
0x00007fff15a10000 - 0x00007fff15a4a000 	C:\WINDOWS\system32\rsaenh.dll
0x00007fff160d0000 - 0x00007fff160fb000 	C:\WINDOWS\SYSTEM32\USERENV.dll
0x00007fff16be0000 - 0x00007fff16c0a000 	C:\WINDOWS\SYSTEM32\bcrypt.dll
0x00007fff162e0000 - 0x00007fff162ec000 	C:\WINDOWS\SYSTEM32\CRYPTBASE.dll
0x00007ffef0140000 - 0x00007ffef014e000 	C:\Program Files\Microsoft\jdk-17.0.16.8-hotspot\bin\sunmscapi.dll
0x00007fff174b0000 - 0x00007fff17627000 	C:\WINDOWS\System32\CRYPT32.dll
0x00007fff16500000 - 0x00007fff16530000 	C:\WINDOWS\SYSTEM32\ncrypt.dll
0x00007fff164b0000 - 0x00007fff164ef000 	C:\WINDOWS\SYSTEM32\NTASN1.dll
0x00007ffef0020000 - 0x00007ffef0028000 	C:\WINDOWS\system32\wshunix.dll
0x00007fff0ee20000 - 0x00007fff0ee2b000 	C:\Windows\System32\rasadhlp.dll
0x00007fff09e70000 - 0x00007fff09ef6000 	C:\WINDOWS\System32\fwpuclnt.dll
0x00007fff15bd0000 - 0x00007fff15c06000 	C:\WINDOWS\SYSTEM32\ntmarta.dll

dbghelp: loaded successfully - version: 4.0.5 - missing functions: none
symbol engine: initialized successfully - sym options: 0x614 - pdb path: .;C:\Program Files\Microsoft\jdk-17.0.16.8-hotspot\bin;C:\WINDOWS\SYSTEM32;C:\WINDOWS\WinSxS\amd64_microsoft.windows.common-controls_6595b64144ccf1df_6.0.26100.7019_none_3e06ffa0e335b8a8;C:\Program Files\Microsoft\jdk-17.0.16.8-hotspot\bin\server;C:\Users\User13\.gradle\native\1def1411415f61bf3af743bc5b6707747c0891f09f0c88961ee8f79bc544acac\windows-amd64;C:\Users\User13\.gradle\native\0.2.8\x86_64-windows-gnu

VM Arguments:
jvm_args: --add-opens=java.base/java.lang=ALL-UNNAMED --add-opens=java.base/java.lang.invoke=ALL-UNNAMED --add-opens=java.base/java.util=ALL-UNNAMED --add-opens=java.prefs/java.util.prefs=ALL-UNNAMED --add-exports=jdk.compiler/com.sun.tools.javac.api=ALL-UNNAMED --add-exports=jdk.compiler/com.sun.tools.javac.util=ALL-UNNAMED --add-opens=java.base/java.util=ALL-UNNAMED --add-opens=java.prefs/java.util.prefs=ALL-UNNAMED --add-opens=java.base/java.nio.charset=ALL-UNNAMED --add-opens=java.base/java.net=ALL-UNNAMED --add-opens=java.base/java.util.concurrent=ALL-UNNAMED --add-opens=java.base/java.util.concurrent.atomic=ALL-UNNAMED --add-opens=java.xml/javax.xml.namespace=ALL-UNNAMED -XX:MaxMetaspaceSize=512m -Xmx2048m -Dfile.encoding=windows-1252 -Duser.country=US -Duser.language=en -Duser.variant -javaagent:C:\Users\User13\.gradle\wrapper\dists\gradle-9.0.0-bin\d6wjpkvcgsg3oed0qlfss3wgl\gradle-9.0.0\lib\agents\gradle-instrumentation-agent-9.0.0.jar 
java_command: org.gradle.launcher.daemon.bootstrap.GradleDaemon 9.0.0
java_class_path (initial): C:\Users\User13\.gradle\wrapper\dists\gradle-9.0.0-bin\d6wjpkvcgsg3oed0qlfss3wgl\gradle-9.0.0\lib\gradle-daemon-main-9.0.0.jar
Launcher Type: SUN_STANDARD

[Global flags]
     intx CICompilerCount                          = 3                                         {product} {ergonomic}
   size_t CompressedClassSpaceSize                 = 436207616                                 {product} {ergonomic}
     uint ConcGCThreads                            = 1                                         {product} {ergonomic}
     uint G1ConcRefinementThreads                  = 4                                         {product} {ergonomic}
   size_t G1HeapRegionSize                         = 1048576                                   {product} {ergonomic}
    uintx GCDrainStackTargetSize                   = 64                                        {product} {ergonomic}
   size_t InitialHeapSize                          = 167772160                                 {product} {ergonomic}
   size_t MarkStackSize                            = 4194304                                   {product} {ergonomic}
   size_t MaxHeapSize                              = 2147483648                                {product} {command line}
   size_t MaxMetaspaceSize                         = 536870912                                 {product} {command line}
   size_t MaxNewSize                               = 1287651328                                {product} {ergonomic}
   size_t MinHeapDeltaBytes                        = 1048576                                   {product} {ergonomic}
   size_t MinHeapSize                              = 8388608                                   {product} {ergonomic}
    uintx NonNMethodCodeHeapSize                   = 5832780                                {pd product} {ergonomic}
    uintx NonProfiledCodeHeapSize                  = 122912730                              {pd product} {ergonomic}
    uintx ProfiledCodeHeapSize                     = 122912730                              {pd product} {ergonomic}
    uintx ReservedCodeCacheSize                    = 251658240                              {pd product} {ergonomic}
     bool SegmentedCodeCache                       = true                                      {product} {ergonomic}
   size_t SoftMaxHeapSize                          = 2147483648                             {manageable} {ergonomic}
     bool UseCompressedClassPointers               = true                           {product lp64_product} {ergonomic}
     bool UseCompressedOops                        = true                           {product lp64_product} {ergonomic}
     bool UseG1GC                                  = true                                      {product} {ergonomic}
     bool UseLargePagesIndividualAllocation        = false                                  {pd product} {ergonomic}

Logging:
Log output configuration:
 #0: stdout all=warning uptime,level,tags
 #1: stderr all=off uptime,level,tags

Environment Variables:
JAVA_HOME=C:\Program Files\Microsoft\jdk-17.0.16.8-hotspot
PATH=D:\deliverypatner-frontend\node_modules\.bin;D:\deliverypatner-frontend\node_modules\.bin;D:\node_modules\.bin;C:\Users\User13\AppData\Roaming\npm\node_modules\npm\node_modules\@npmcli\run-script\lib\node-gyp-bin;c:\Users\User13\AppData\Roaming\Code\User\globalStorage\github.copilot-chat\debugCommand;c:\Users\User13\AppData\Roaming\Code\User\globalStorage\github.copilot-chat\copilotCli;C:\Program Files\Microsoft\jdk-17.0.16.8-hotspot\bin;C:\Program Files\Java\jdk-17\bin;C:\Users\User13\AppData\Local\Android\Sdk;C:\WINDOWS\system32;C:\WINDOWS;C:\WINDOWS\System32\Wbem;C:\WINDOWS\System32\WindowsPowerShell\v1.0\;C:\WINDOWS\System32\OpenSSH\;C:\ProgramData\chocolatey\bin;C:\Users\User13\AppData\Local\Android\Sdk\build-tools;C:\Users\User13\AppData\Local\Android\Sdk\emulator;C:\Users\User13\AppData\Local\Android\Sdk\platforms;C:\Users\User13\AppData\Local\Android\Sdk\platform-tools;C:\Users\User13\AppData\Local\Android\Sdk\ndk;C:\Program Files\Android\Android Studio1\bin;C:\Program Files\nodejs\;C:\Program Files\Microsoft\jdk-17.0.16.8-hotspot\bin;C:\Users\User13\AppData\Local\Android\Sdk\tools;C:\Users\User13\AppData\Local\Microsoft\WindowsApps;C:\Users\User13\AppData\Local\Programs\Microsoft VS Code\bin;C:\Users\User13\AppData\Local\Programs\Git\cmd;C:\Users\User13\AppData\Local\Programs\Git\mingw64\bin;C:\Users\User13\AppData\Local\Programs\Git\usr\bin;C:\src\flutter\bin;C:\Users\User13\AppData\Local\Android\Sdk\platform-tools;C:\Users\User13\AppData\Roaming\npm;
USERNAME=mahendra
LANG=en_US.UTF-8
OS=Windows_NT
PROCESSOR_IDENTIFIER=AMD64 Family 23 Model 24 Stepping 1, AuthenticAMD
TMP=C:\Users\User13\AppData\Local\Temp
TEMP=C:\Users\User13\AppData\Local\Temp



Periodic native trim disabled


---------------  S Y S T E M  ---------------

OS:
 Windows 11 , 64 bit Build 26100 (10.0.26100.7019)
OS uptime: 3 days 17:59 hours

CPU: total 4 (initial active 4) (4 cores per cpu, 2 threads per core) family 23 model 24 stepping 1 microcode 0x8108109, cx8, cmov, fxsr, ht, mmx, 3dnowpref, sse, sse2, sse3, ssse3, sse4a, sse4.1, sse4.2, popcnt, lzcnt, tsc, tscinvbit, avx, avx2, aes, clmul, bmi1, bmi2, adx, sha, fma, vzeroupper, clflush, clflushopt
Processor Information for the first 4 processors :
  Max Mhz: 2600, Current Mhz: 2600, Mhz Limit: 2600

Memory: 4k page, system-wide physical 10116M (2070M free)
TotalPageFile size 21890M (AvailPageFile size 422M)
current process WorkingSet (physical memory assigned to process): 848M, peak: 927M
current process commit charge ("private bytes"): 952M, peak: 1494M

vm_info: OpenJDK 64-Bit Server VM (17.0.16+8-LTS) for windows-amd64 JRE (17.0.16+8-LTS), built on Jul 10 2025 00:24:24 by "MicrosoftCorporation" with unknown MS VC++:1944

END.
